Workbook
Name Header_List: [1]!TableHeaders[Table Headers]

Sheet whatsapp
B1: Weekly
B2: TGT | C2: sales | D2: %
A3: Devices | B3: =B4+B5+B6 -> #REF! | C3: =C4+C5+C6 -> #REF! | D3: =C3/B3 -> #REF!
A4: iphone | B4: =Powerpoint!B14 -> #REF! | C4: =Powerpoint!C14 -> #REF! | D4: =C4/B4 -> #REF!
A5: non iphone | B5: =Powerpoint!B25 -> #REF! | C5: =Powerpoint!C25 -> #REF! | D5: =C5/B5 -> #REF!
A6: Non Core | B6: =Powerpoint!B36 -> #REF! | C6: =Powerpoint!C36 -> #REF! | D6: =C6/B6 -> #REF!
A7: FWA | B7: =Powerpoint!B58 -> #REF! | C7: =Powerpoint!C58 -> #REF! | D7: =C7/B7 -> #REF!
A8: FTTH | B8: =Powerpoint!B69 -> #REF! | C8: =Powerpoint!C69 -> #REF! | D8: =C8/B8 -> #REF!
A9: PS Voice | B9: =Powerpoint!B80 -> #REF! | C9: =Powerpoint!C80 -> #REF! | D9: =C9/B9 -> #REF!
A10: PP | B10: =Powerpoint!B102 -> #REF! | C10: =Powerpoint!C102 -> #REF! | D10: =C10/B10 -> #REF!
A11: Jawwy | B11: =Powerpoint!B124 -> #REF! | C11: =Powerpoint!C124 -> #REF! | D11: =C11/B11 -> #REF!
A12: EBU | B12: =Powerpoint!B47 -> #REF! | C12: =Powerpoint!C47 -> #REF! | D12: =C12/B12 -> #REF!
B14: Monthly
B15: TGT | C15: sales | D15: %
A16: Devices | B16: =B17+B18+B19 -> #REF! | C16: =C17+C18+C19 -> #REF! | D16: =C16/B16 -> #REF!
A17: iphone | B17: =#REF! -> #REF! | C17: =#REF! -> #REF! | D17: =C17/B17 -> #REF!
A18: non iphone | B18: =#REF! -> #REF! | C18: =#REF! -> #REF! | D18: =C18/B18 -> #REF!
A19: Non Core | B19: =#REF! -> #REF! | C19: =#REF! -> #REF! | D19: =C19/B19 -> #REF!
A20: FWA | B20: =#REF! -> #REF! | C20: =#REF! -> #REF! | D20: =C20/B20 -> #REF!
A21: FTTH | B21: =#REF! -> #REF! | C21: =#REF! -> #REF! | D21: =C21/B21 -> #REF!
A22: PS Voice | B22: =#REF! -> #REF! | C22: =#REF! -> #REF! | D22: =C22/B22 -> #REF!
A23: PP | B23: =Powerpoint!H102 -> #REF! | C23: =Powerpoint!I102 -> #REF! | D23: =C23/B23 -> #REF!
A24: Jawwy | B24: =Powerpoint!H124 -> #REF! | C24: =Powerpoint!I124 -> #REF! | D24: =C24/B24 -> #REF!
A25: EBU | B25: =#REF! -> #REF! | C25: =#REF! -> #REF! | D25: =C25/B25 -> #REF!

Sheet staff sales
Q1: iPhone (SAR) | S1: NoniPhone (SAR) | V1: Non Core (SAR) | Y1: EBU MRC (SAR) | AB1: PS voice (QTY) | AE1: PS Data (QTY) | AH1: PP Voice (QTY) | AK1: PP Data (QTY) | AN1: Jawwy (QTY) | AQ1: Residential FWA (QTY) | AT1: Residential FTTH (QTY) | AW1: Trade in | AZ1: Device Protection QTY
A2: EMP ID | B2: Supervisor ID | C2: EMP National ID | D2: EMP Name | E2: Position | F2: Position United | G2: CBU User | H2: EBU User | I2: Region | J2: Area | K2: Branch Name | L2: Branch Code | M2: Note | N2: Vacation Days | O2: Discount % | P2: TGT | Q2: Sales | R2: % | S2: TGT | T2: Sales | U2: % | V2: TGT | W2: Sales | X2: % | Y2: TGT | Z2: Sales | AA2: % | AB2: TGT | AC2: Sales | AD2: % | AE2: TGT | AF2: Sales | AG2: % | AH2: TGT | AI2: Sales | AJ2: % | AK2: TGT | AL2: Sales | AM2: % | AN2: TGT | AO2: Sales | AP2: % | AQ2: TGT | AR2: Sales | AS2: % | AT2: TGT | AU2: Sales | AV2: % | AW2: TGT | AX2: Sales | AY2: % | AZ2: TGT | BA2: Sales | BB2: %
A3: 19241 | B3: 12877 | C3: 1065738914 | D3: خالد عبدالرحمن عبدالله الملحم | E3: Professional area sales manager | F3: Professional area sales manager | G3: 0 | H3: 0 | I3: Eastern & Northern | J3: Al Ahsa | K3: Administration | L3: Admin | P3: 3939902.8 | Q3: 0 | R3: =Q3/P3 -> 0 | S3: 581819.39 | T3: 0 | U3: =T3/S3 -> 0 | V3: 1185486.5 | W3: 0 | X3: =W3/V3 -> 0 | Y3: 48455.088 | Z3: 0 | AA3: =Z3/Y3 -> 0 | AB3: 796 | AC3: 0 | AD3: =AC3/AB3 -> 0 | AE3: 107 | AF3: 0 | AG3: =AF3/AE3 -> 0 | AH3: 3453.2923 | AI3: 0 | AJ3: =AI3/AH3 -> 0 | AK3: 148.8503 | AL3: 0 | AM3: =AL3/AK3 -> 0 | AN3: 163.00352 | AO3: 0 | AP3: =AO3/AN3 -> 0 | AQ3: 424.75418 | AR3: 0 | AS3: =AR3/AQ3 -> 0 | AT3: 220 | AU3: 0 | AV3: =AU3/AT3 -> 0 | AW3: 115.30817 | AX3: 0 | AY3: =AX3/AW3 -> 0 | AZ3: 363 | BA3: 0 | BB3: =BA3/AZ3 -> 0
A4: 21445 | B4: 19241 | C4: 1025872167 | D4: عصام ابراهيم عبدالله الباش | E4: Branch Manager | F4: Branch Manager | G4: XSER4462 | H4: XSER4462 | I4: Eastern & Northern | J4: Al Ahsa | K4: المبرز ، بنده | L4: 73008 | P4: 1063374.7 | Q4: 0 | R4: =Q4/P4 -> 0 | S4: 157091.24 | T4: 0 | U4: =T4/S4 -> 0 | V4: 320081.35 | W4: 0 | X4: =W4/V4 -> 0 | Y4: 16404.526 | Z4: 0 | AA4: =Z4/Y4 -> 0 | AB4: 217 | AC4: 1 | AD4: =AC4/AB4 -> 0.0046082949 | AE4: 26 | AF4: 0 | AG4: =AF4/AE4 -> 0 | AH4: 935.04585 | AI4: 0 | AJ4: =AI4/AH4 -> 0 | AK4: 37.411573 | AL4: 0 | AM4: =AL4/AK4 -> 0 | AN4: 42.554016 | AO4: 0 | AP4: =AO4/AN4 -> 0 | AQ4: 112.01323 | AR4: 0 | AS4: =AR4/AQ4 -> 0 | AT4: 62 | AU4: 0 | AV4: =AU4/AT4 -> 0 | AW4: 31.121527 | AX4: 0 | AY4: =AX4/AW4 -> 0 | AZ4: 104 | BA4: 0 | BB4: =BA4/AZ4 -> 0
A5: 1396 | B5: 21445 | C5: 1025891985 | D5: فاضل طاهر حسين الحمد | E5: Branch Supervisor | F5: Branch Supervisor | G5: XSIS0915 | H5: EBU_XSIS0915 | I5: Eastern & Northern | J5: Al Ahsa | K5: المبرز ، بنده | L5: 73008 | P5: 1063374.7 | Q5: 0 | R5: =Q5/P5 -> 0 | S5: 157091.24 | T5: 0 | U5: =T5/S5 -> 0 | V5: 320081.35 | W5: 0 | X5: =W5/V5 -> 0 | Y5: 16404.526 | Z5: 0 | AA5: =Z5/Y5 -> 0 | AB5: 217 | AC5: 0 | AD5: =AC5/AB5 -> 0 | AE5: 26 | AF5: 0 | AG5: =AF5/AE5 -> 0 | AH5: 935.04585 | AI5: 0 | AJ5: =AI5/AH5 -> 0 | AK5: 37.411573 | AL5: 0 | AM5: =AL5/AK5 -> 0 | AN5: 42.554016 | AO5: 3 | AP5: =AO5/AN5 -> 0.070498634 | AQ5: 112.01323 | AR5: 0 | AS5: =AR5/AQ5 -> 0 | AT5: 62 | AU5: 0 | AV5: =AU5/AT5 -> 0 | AW5: 31.121527 | AX5: 0 | AY5: =AX5/AW5 -> 0 | AZ5: 104 | BA5: 0 | BB5: =BA5/AZ5 -> 0
A6: 21776 | B6: 1396 | C6: 1003976691 | D6: وائل يوسف صالح العلي | E6: Sales Agent | F6: Sales Agent | G6: XSER4803 | H6: XSER4803 | I6: Eastern & Northern | J6: Al Ahsa | K6: المبرز ، بنده | L6: 73008 | M6: Non Core | P6: 90108.738 | Q6: 94836.56 | R6: =Q6/P6 -> 1.052468 | S6: 13311.67 | T6: 833.91 | U6: 0.062645034 | V6: 27123.202 | W6: 9850 | X6: =W6/V6 -> 0.36315772 | Y6: 1259.3629 | Z6: 400 | AA6: =Z6/Y6 -> 0.31762093 | AB6: 19 | AC6: 19 | AD6: =AC6/AB6 -> 1 | AE6: 2 | AF6: 1 | AG6: =AF6/AE6 -> 0.5 | AH6: 81.564838 | AI6: 40 | AJ6: =AI6/AH6 -> 0.4904074 | AK6: 3.1839636 | AL6: 2 | AM6: =AL6/AK6 -> 0.62814788 | AN6: 3.6062725 | AO6: 4 | AP6: =AO6/AN6 -> 1.1091785 | AQ6: 9.8571646 | AR6: 7 | AS6: =AR6/AQ6 -> 0.71014336 | AT6: 4 | AU6: 7 | AV6: =AU6/AT6 -> 1.75 | AW6: 2.6371903 | AX6: 0 | AY6: =AX6/AW6 -> 0 | AZ6: 9 | BA6: 0 | BB6: =BA6/AZ6 -> 0
A7: 21622 | B7: 1396 | C7: 1042534501 | D7: احمد عبدالله محمد الحوطي | E7: Sales Agent | F7: Sales Agent | G7: XSER4083 | H7: XSER4083 | I7: Eastern & Northern | J7: Al Ahsa | K7: المبرز ، بنده | L7: 73008 | P7: 81708.078 | Q7: 57546.11 | R7: =Q7/P7 -> 0.70428912 | S7: 12070.649 | T7: 3225.22 | U7: 0.26719525 | V7: 24594.559 | W7: 7555.55 | X7: =W7/V7 -> 0.30720413 | Y7: 1602.1333 | Z7: 1920 | AA7: =Z7/Y7 -> 1.1984021 | AB7: 19 | AC7: 5 | AD7: =AC7/AB7 -> 0.26315789 | AE7: 2 | AF7: 0 | AG7: =AF7/AE7 -> 0 | AH7: 81.564838 | AI7: 69 | AJ7: =AI7/AH7 -> 0.84595276 | AK7: 3.1839636 | AL7: 5 | AM7: =AL7/AK7 -> 1.5703697 | AN7: 3.6062725 | AO7: 0 | AP7: =AO7/AN7 -> 0 | AQ7: 9.8571646 | AR7: 2 | AS7: =AR7/AQ7 -> 0.2028981 | AT7: 4 | AU7: 2 | AV7: =AU7/AT7 -> 0.5 | AW7: 2.3913303 | AX7: 0 | AY7: =AX7/AW7 -> 0 | AZ7: 9 | BA7: 3 | BB7: =BA7/AZ7 -> 0.33333333
A8: 5853 | B8: 1396 | C8: 1003756218 | D8: سعد فهد الحميدي الراجح | E8: Sales Agent | F8: Sales Agent | G8: XSER2199 | H8: EBU_XSER2199 | I8: Eastern & Northern | J8: Al Ahsa | K8: المبرز ، بنده | L8: 73008 | P8: 81699.898 | Q8: 73024.38 | R8: =Q8/P8 -> 0.89381238 | S8: 12069.44 | T8: 20986.95 | U8: 1.4405763 | V8: 24592.097 | W8: 15895.18 | X8: =W8/V8 -> 0.64635319 | Y8: 1260.3724 | Z8: 0 | AA8: =Z8/Y8 -> 0 | AB8: 19 | AC8: 12 | AD8: =AC8/AB8 -> 0.63157895 | AE8: 2 | AF8: 1 | AG8: =AF8/AE8 -> 0.5 | AH8: 81.564838 | AI8: 80 | AJ8: =AI8/AH8 -> 0.98081479 | AK8: 3.1839636 | AL8: 1 | AM8: =AL8/AK8 -> 0.31407394 | AN8: 3.6062725 | AO8: 3 | AP8: =AO8/AN8 -> 0.83188388 | AQ8: 9.8571646 | AR8: 3 | AS8: =AR8/AQ8 -> 0.30434716 | AT8: 4 | AU8: 4 | AV8: =AU8/AT8 -> 1 | AW8: 2.3910909 | AX8: 0 | AY8: =AX8/AW8 -> 0 | AZ8: 9 | BA8: 2 | BB8: =BA8/AZ8 -> 0.22222222
A9: 9853 | B9: 1396 | C9: 1071323115 | D9: سعد محسن مبارك المهري | E9: Sales Agent | F9: Sales Agent | G9: XSER3765 | H9: XSER3765 | I9: Eastern & Northern | J9: Al Ahsa | K9: المبرز ، بنده | L9: 73008 | M9: استشاري مبيعات | O9: 0.4 | P9: 69528.347 | Q9: 62919.15 | R9: =Q9/P9 -> 0.90494241 | S9: 10271.35 | T9: 34612.86 | U9: 3.3698452 | V9: 20928.396 | W9: 14731.52 | X9: =W9/V9 -> 0.70390105 | Y9: 946.41498 | Z9: 200 | AA9: =Z9/Y9 -> 0.21132379 | AB9: 9 | AC9: 8 | AD9: =AC9/AB9 -> 0.88888889 | AE9: 2 | AF9: 2 | AG9: =AF9/AE9 -> 1 | AH9: 39.799156 | AI9: 43 | AJ9: =AI9/AH9 -> 1.0804249 | AK9: 1.5919818 | AL9: 4 | AM9: =AL9/AK9 -> 2.5125915 | AN9: 2.1637635 | AO9: 4 | AP9: =AO9/AN9 -> 1.8486308 | AQ9: 5.3766352 | AR9: 4 | AS9: =AR9/AQ9 -> 0.74395971 | AT9: 3 | AU9: 4 | AV9: =AU9/AT9 -> 1.3333333 | AW9: 2.0348691 | AX9: 0 | AY9: =AX9/AW9 -> 0 | AZ9: 5 | BA9: 2 | BB9: =BA9/AZ9 -> 0.4
A10: 21634 | B10: 1396 | C10: 1022527145 | D10: سالم ناجي سالم الدوسري | E10: Sales Agent | F10: Sales Agent | G10: XSER4272 | H10: XSER4272 | I10: Eastern & Northern | J10: Al Ahsa | K10: المبرز ، بنده | L10: 73008 | M10: Non Core | P10: 90108.738 | Q10: 84491.35 | R10: =Q10/P10 -> 0.9376599 | S10: 13311.67 | T10: 12388.71 | U10: 0.70529921 | V10: 27123.202 | W10: 31023.1 | X10: =W10/V10 -> 1.1437846 | Y10: 1602.1333 | Z10: 1853 | AA10: =Z10/Y10 -> 1.1565829 | AB10: 19 | AC10: 17 | AD10: =AC10/AB10 -> 0.89473684 | AE10: 2 | AF10: 3 | AG10: =AF10/AE10 -> 1.5 | AH10: 81.564838 | AI10: 40 | AJ10: =AI10/AH10 -> 0.4904074 | AK10: 3.1839636 | AL10: 3 | AM10: =AL10/AK10 -> 0.94222182 | AN10: 3.6062725 | AO10: 2 | AP10: =AO10/AN10 -> 0.55458925 | AQ10: 9.8571646 | AR10: 6 | AS10: =AR10/AQ10 -> 0.60869431 | AT10: 4 | AU10: 2 | AV10: =AU10/AT10 -> 0.5 | AW10: 2.6371903 | AX10: 0 | AY10: =AX10/AW10 -> 0 | AZ10: 9 | BA10: 0 | BB10: =BA10/AZ10 -> 0
A11: 21782 | B11: 1396 | C11: 1029116793 | D11: عبدالله عبدالعزيز علي الزين | E11: Sales Agent | F11: Sales Agent | G11: XSER4425 | H11: XSER4425 | I11: Eastern & Northern | J11: Al Ahsa | K11: المبرز ، بنده | L11: 73008 | M11: Non Core | P11: 90108.738 | Q11: 70807.86 | R11: =Q11/P11 -> 0.78580459 | S11: 13311.67 | T11: 17273.05 | U11: 1.297587 | V11: 27123.202 | W11: 15497.84 | X11: =W11/V11 -> 0.57138683 | Y11: 1260.6247 | Z11: 0 | AA11: =Z11/Y11 -> 0 | AB11: 19 | AC11: 8 | AD11: =AC11/AB11 -> 0.42105263 | AE11: 2 | AF11: 1 | AG11: =AF11/AE11 -> 0.5 | AH11: 81.564838 | AI11: 46 | AJ11: =AI11/AH11 -> 0.56396851 | AK11: 3.1839636 | AL11: 2 | AM11: =AL11/AK11 -> 0.62814788 | AN11: 3.6062725 | AO11: 3 | AP11: =AO11/AN11 -> 0.83188388 | AQ11: 9.8571646 | AR11: 7 | AS11: =AR11/AQ11 -> 0.71014336 | AT11: 4 | AU11: 7 | AV11: =AU11/AT11 -> 1.75 | AW11: 2.6371903 | AX11: 0 | AY11: =AX11/AW11 -> 0 | AZ11: 9 | BA11: 0 | BB11: =BA11/AZ11 -> 0
A12: 6449 | B12: 1396 | C12: 1032278804 | D12: منصور نايف فهد السعدون | E12: Sales Agent | F12: Sales Agent | G12: XSIS0926 | H12: XSIS0926 | I12: Eastern & Northern | J12: Al Ahsa | K12: المبرز ، بنده | L12: 73008 | M12: إجازة سنوية | N12: 22 | O12: 1 | P12: 0 | Q12: 13039.14 | R12: =Q12/P12 -> #DIV/0! | S12: 0 | T12: 0 | U12: #DIV/0! | V12: 0 | W12: 753.04 | X12: =W12/V12 -> #DIV/0! | Y12: 0 | Z12: 0 | AA12: =Z12/Y12 -> #DIV/0! | AB12: 0 | AC12: 0 | AD12: =AC12/AB12 -> #DIV/0! | AE12: 0 | AF12: 0 | AG12: =AF12/AE12 -> #DIV/0! | AH12: 0 | AI12: 0 | AJ12: =AI12/AH12 -> #DIV/0! | AK12: 0 | AL12: 0 | AM12: =AL12/AK12 -> #DIV/0! | AN12: 0 | AO12: 0 | AP12: =AO12/AN12 -> #DIV/0! | AQ12: 0 | AR12: 0 | AS12: =AR12/AQ12 -> #DIV/0! | AT12: 0 | AU12: 0 | AV12: =AU12/AT12 -> #DIV/0! | AW12: 0 | AX12: 0 | AY12: =AX12/AW12 -> #DIV/0! | AZ12: 0 | BA12: 0 | BB12: =BA12/AZ12 -> #DIV/0!
A13: 22175 | B13: 1396 | C13: 1007110701 | D13: يوسف محمد علي البوحسن | E13: Sales Agent | F13: Sales Agent | G13: XSER4914 | H13: XSER4914 | I13: Eastern & Northern | J13: Al Ahsa | K13: المبرز ، بنده | L13: 73008 | M13: Non Core | P13: 90108.738 | Q13: 108374.82 | R13: =Q13/P13 -> 1.2027116 | S13: 13311.67 | T13: 14427.84 | U13: 1.083849 | V13: 27123.202 | W13: 27441.31 | X13: =W13/V13 -> 1.0117283 | Y13: 1602.1333 | Z13: 120 | AA13: =Z13/Y13 -> 0.074900133 | AB13: 19 | AC13: 20 | AD13: =AC13/AB13 -> 1.0526316 | AE13: 2 | AF13: 2 | AG13: =AF13/AE13 -> 1 | AH13: 81.564838 | AI13: 49 | AJ13: =AI13/AH13 -> 0.60074906 | AK13: 3.1839636 | AL13: 4 | AM13: =AL13/AK13 -> 1.2562958 | AN13: 3.6062725 | AO13: 3 | AP13: =AO13/AN13 -> 0.83188388 | AQ13: 9.8571646 | AR13: 8 | AS13: =AR13/AQ13 -> 0.81159241 | AT13: 4 | AU13: 8 | AV13: =AU13/AT13 -> 2 | AW13: 2.6371903 | AX13: 0 | AY13: =AX13/AW13 -> 0 | AZ13: 9 | BA13: 4 | BB13: =BA13/AZ13 -> 0.44444444
A14: 27674 | B14: 1396 | C14: 1004517817 | D14: حيدر طاهر محمد العليو | E14: Sales Agent | F14: Sales Agent | G14: XSER5307 | H14: XSER5307 | I14: Eastern & Northern | J14: Al Ahsa | K14: المبرز ، بنده | L14: 73008 | M14: استشاري مبيعات | O14: 0.4 | P14: 69446.549 | Q14: 90890.45 | R14: =Q14/P14 -> 1.3087828 | S14: 10259.266 | T14: 12388.71 | U14: 1.207563 | V14: 20903.775 | W14: 9813.92 | X14: =W14/V14 -> 0.46948076 | Y14: 946.41498 | Z14: 0 | AA14: =Z14/Y14 -> 0 | AB14: 9 | AC14: 11 | AD14: =AC14/AB14 -> 1.2222222 | AE14: 2 | AF14: 1 | AG14: =AF14/AE14 -> 0.5 | AH14: 39.799156 | AI14: 43 | AJ14: =AI14/AH14 -> 1.0804249 | AK14: 2.3879727 | AL14: 0 | AM14: =AL14/AK14 -> 0 | AN14: 2.1637635 | AO14: 2 | AP14: =AO14/AN14 -> 0.92431542 | AQ14: 5.3766352 | AR14: 4 | AS14: =AR14/AQ14 -> 0.74395971 | AT14: 3 | AU14: 3 | AV14: =AU14/AT14 -> 1 | AW14: 2.0324751 | AX14: 0 | AY14: =AX14/AW14 -> 0 | AZ14: 5 | BA14: 1 | BB14: =BA14/AZ14 -> 0.2
A15: 21020 | B15: 1396 | C15: 1010783049 | D15: حزام عبدالهادي راشد المري | E15: Sales Agent | F15: Sales Agent | G15: XSER4185 | H15: XSER4185 | I15: Eastern & Northern | J15: Al Ahsa | K15: المبرز ، بنده | L15: 73008 | P15: 81691.718 | Q15: 66910.44 | R15: =Q15/P15 -> 0.81906026 | S15: 12068.232 | T15: 16604.34 | U15: 1.3758718 | V15: 24589.635 | W15: 24159.17 | X15: =W15/V15 -> 0.98249407 | Y15: 1260.2462 | Z15: 0 | AA15: =Z15/Y15 -> 0 | AB15: 19 | AC15: 15 | AD15: =AC15/AB15 -> 0.78947368 | AE15: 2 | AF15: 2 | AG15: =AF15/AE15 -> 1 | AH15: 81.564838 | AI15: 41 | AJ15: =AI15/AH15 -> 0.50266758 | AK15: 3.1839636 | AL15: 7 | AM15: =AL15/AK15 -> 2.1985176 | AN15: 3.6062725 | AO15: 4 | AP15: =AO15/AN15 -> 1.1091785 | AQ15: 9.8571646 | AR15: 4 | AS15: =AR15/AQ15 -> 0.40579621 | AT15: 4 | AU15: 1 | AV15: =AU15/AT15 -> 0.25 | AW15: 2.3908515 | AX15: 0 | AY15: =AX15/AW15 -> 0 | AZ15: 9 | BA15: 2 | BB15: =BA15/AZ15 -> 0.22222222
A16: 21779 | B16: 1396 | C16: 1003289889 | D16: عبدالله يوسف عبدالرحمن الحمادي | E16: Sales Agent | F16: Sales Agent | G16: XSER4444 | H16: XSER4444 | I16: Eastern & Northern | J16: Al Ahsa | K16: المبرز ، بنده | L16: 73008 | M16: خبير سكني | P16: 77708.153 | Q16: 77069.59 | R16: =Q16/P16 -> 0.99178255 | S16: 11479.744 | T16: 6271.89 | U16: 0.54634406 | V16: 23390.56 | W16: 17416.81 | X16: =W16/V16 -> 0.74460849 | Y16: 1198.7923 | Z16: 0 | AA16: =Z16/Y16 -> 0 | AB16: 19 | AC16: 15 | AD16: =AC16/AB16 -> 0.78947368 | AE16: 2 | AF16: 1 | AG16: =AF16/AE16 -> 0.5 | AH16: 81.564838 | AI16: 96 | AJ16: =AI16/AH16 -> 1.1769778 | AK16: 3.1839636 | AL16: 3 | AM16: =AL16/AK16 -> 0.94222182 | AN16: 3.6062725 | AO16: 4 | AP16: =AO16/AN16 -> 1.1091785 | AQ16: 7.168847 | AR16: 10 | AS16: =AR16/AQ16 -> 1.3949245 | AT16: 17 | AU16: 7 | AV16: =AU16/AT16 -> 0.41176471 | AW16: 2.2742654 | AX16: 0 | AY16: =AX16/AW16 -> 0 | AZ16: 9 | BA16: 0 | BB16: =BA16/AZ16 -> 0
A17: 21633 | B17: 1396 | C17: 1015192337 | D17: بدر محمد صالح المبارك | E17: Sales Agent | F17: Sales Agent | G17: XSER4134 | H17: XSER4134 | I17: Eastern & Northern | J17: Al Ahsa | K17: المبرز ، بنده | L17: 73008 | M17: Non Core | P17: 90108.738 | Q17: 142167.88 | R17: =Q17/P17 -> 1.5777369 | S17: 13311.67 | T17: 35729.6 | U17: 2.684081 | V17: 27123.202 | W17: 20009.57 | X17: =W17/V17 -> 0.73772891 | Y17: 1259.3629 | Z17: 419 | AA17: =Z17/Y17 -> 0.33270792 | AB17: 19 | AC17: 27 | AD17: =AC17/AB17 -> 1.4210526 | AE17: 2 | AF17: 2 | AG17: =AF17/AE17 -> 1 | AH17: 81.564838 | AI17: 66 | AJ17: =AI17/AH17 -> 0.80917221 | AK17: 3.1839636 | AL17: 1 | AM17: =AL17/AK17 -> 0.31407394 | AN17: 3.6062725 | AO17: 5 | AP17: =AO17/AN17 -> 1.3864731 | AQ17: 9.8571646 | AR17: 12 | AS17: =AR17/AQ17 -> 1.2173886 | AT17: 4 | AU17: 5 | AV17: =AU17/AT17 -> 1.25 | AW17: 2.6371903 | AX17: 0 | AY17: =AX17/AW17 -> 0 | AZ17: 9 | BA17: 1 | BB17: =BA17/AZ17 -> 0.11111111
A18: 11622 | B18: 1396 | C18: 1079132765 | D18: أحمد علي مرعي الشهري | E18: Sales Agent | F18: Sales Agent | G18: XSMT0245 | H18: XSMT0245 | I18: Eastern & Northern | J18: Al Ahsa | K18: المبرز ، بنده | L18: 73008 | P18: 81683.538 | Q18: 57323.5 | R18: =Q18/P18 -> 0.70177543 | S18: 12067.024 | T18: 17386.95 | U18: 1.4408648 | V18: 24587.172 | W18: 24942.51 | X18: =W18/V18 -> 1.0144522 | Y18: 1260.12 | Z18: 0 | AA18: =Z18/Y18 -> 0 | AB18: 19 | AC18: 18 | AD18: =AC18/AB18 -> 0.94736842 | AE18: 2 | AF18: 0 | AG18: =AF18/AE18 -> 0 | AH18: 81.564838 | AI18: 45 | AJ18: =AI18/AH18 -> 0.55170832 | AK18: 3.1839636 | AL18: 2 | AM18: =AL18/AK18 -> 0.62814788 | AN18: 3.6062725 | AO18: 0 | AP18: =AO18/AN18 -> 0 | AQ18: 9.8571646 | AR18: 6 | AS18: =AR18/AQ18 -> 0.60869431 | AT18: 4 | AU18: 2 | AV18: =AU18/AT18 -> 0.5 | AW18: 2.3906121 | AX18: 0 | AY18: =AX18/AW18 -> 0 | AZ18: 9 | BA18: 2 | BB18: =BA18/AZ18 -> 0.22222222
A19: 5145 | B19: 1396 | C19: 1007760216 | D19: صالح عبدالله صالح الرواجح | E19: Sales Agent | F19: Sales Agent | G19: XSIS0419 | H19: XSIS0419 | I19: Eastern & Northern | J19: Al Ahsa | K19: المبرز ، بنده | L19: 73008 | M19: استشاري مبيعات | O19: 0.4 | P19: 69364.751 | Q19: 34230.44 | R19: =Q19/P19 -> 0.49348465 | S19: 10247.182 | T19: 9388.71 | U19: 0.91622359 | V19: 20879.153 | W19: 20591.92 | X19: =W19/V19 -> 0.98624308 | Y19: 946.41498 | Z19: 0 | AA19: =Z19/Y19 -> 0 | AB19: 9 | AC19: 5 | AD19: =AC19/AB19 -> 0.55555556 | AE19: 2 | AF19: 0 | AG19: =AF19/AE19 -> 0 | AH19: 39.799156 | AI19: 11 | AJ19: =AI19/AH19 -> 0.27638777 | AK19: 1.5919818 | AL19: 0 | AM19: =AL19/AK19 -> 0 | AN19: 2.1637635 | AO19: 3 | AP19: =AO19/AN19 -> 1.3864731 | AQ19: 5.3766352 | AR19: 2 | AS19: =AR19/AQ19 -> 0.37197986 | AT19: 3 | AU19: 3 | AV19: =AU19/AT19 -> 1 | AW19: 2.0300811 | AX19: 0 | AY19: =AX19/AW19 -> 0 | AZ19: 4 | BA19: 2 | BB19: =BA19/AZ19 -> 0.5
A20: 21150 | B20: 19241 | C20: 1006592685 | D20: مسفر محمد سعد الدوسري | E20: Branch Manager | F20: Branch Manager | G20: XSER4699 | H20: XSER4699 | I20: Eastern & Northern | J20: Al Ahsa | K20: الهفوف ، العميرية | L20: 73009 | P20: 1260768.9 | Q20: 0 | R20: =Q20/P20 -> 0 | S20: 180364.01 | T20: 0 | U20: 0 | V20: 367500.81 | W20: 0 | X20: =W20/V20 -> 0 | Y20: 15435.425 | Z20: 239 | AA20: =Z20/Y20 -> 0.015483863 | AB20: 246 | AC20: 0 | AD20: =AC20/AB20 -> 0 | AE20: 38 | AF20: 0 | AG20: =AF20/AE20 -> 0 | AH20: 1076.3764 | AI20: 0 | AJ20: =AI20/AH20 -> 0 | AK20: 52.5354 | AL20: 0 | AM20: =AL20/AK20 -> 0 | AN20: 55.536597 | AO20: 0 | AP20: =AO20/AN20 -> 0 | AQ20: 125.45482 | AR20: 0 | AS20: =AR20/AQ20 -> 0 | AT20: 78 | AU20: 0 | AV20: =AU20/AT20 -> 0 | AW20: 36.898614 | AX20: 0 | AY20: =AX20/AW20 -> 0 | AZ20: 115 | BA20: 0 | BB20: =BA20/AZ20 -> 0
A21: 7787 | B21: 21150 | C21: 1067515153 | D21: عبدالرحمن عبدالعزيز محمد التريكي | E21: Branch Supervisor | F21: Branch Supervisor | G21: XSER5284 | H21: XSER5284 | I21: Eastern & Northern | J21: Al Ahsa | K21: الهفوف ، العميرية | L21: 73009 | P21: 1260768.9 | Q21: 0 | R21: =Q21/P21 -> 0 | S21: 180364.01 | T21: 0 | U21: 0 | V21: 367500.98 | W21: 0 | X21: =W21/V21 -> 0 | Y21: 15435.425 | Z21: 0 | AA21: =Z21/Y21 -> 0 | AB21: 246 | AC21: 0 | AD21: =AC21/AB21 -> 0 | AE21: 38 | AF21: 0 | AG21: =AF21/AE21 -> 0 | AH21: 1082 | AI21: 0 | AJ21: =AI21/AH21 -> 0 | AK21: 66 | AL21: 0 | AM21: =AL21/AK21 -> 0 | AN21: 77 | AO21: 6 | AP21: =AO21/AN21 -> 0.077922078 | AQ21: 140 | AR21: 0 | AS21: =AR21/AQ21 -> 0 | AT21: 78 | AU21: 0 | AV21: =AU21/AT21 -> 0 | AW21: 18.517042 | AX21: 0 | AY21: =AX21/AW21 -> 0 | AZ21: 115 | BA21: 0 | BB21: =BA21/AZ21 -> 0
A22: 21277 | B22: 7787 | C22: 1034255511 | D22: فيصل عبدالعزيز عبدالرحمن المقرن | E22: Sales Agent | F22: Sales Agent | G22: XSER4561 | H22: XSER4561 | I22: Eastern & Northern | J22: Al Ahsa | K22: الهفوف ، العميرية | L22: 73009 | M22: خبير اعمال | P22: 86452.724 | Q22: 80573.07 | R22: =Q22/P22 -> 0.93198995 | S22: 12367.818 | T22: 12692.18 | U22: 1.0262263 | V22: 25200.067 | W22: 25339.56 | X22: =W22/V22 -> 1.0055354 | Y22: 5904.0499 | Z22: 598 | AA22: =Z22/Y22 -> 0.10128641 | AB22: 20 | AC22: 17 | AD22: =AC22/AB22 -> 0.85 | AE22: 3 | AF22: 1 | AG22: =AF22/AE22 -> 0.33333333 | AH22: 87 | AI22: 59 | AJ22: =AI22/AH22 -> 0.67816092 | AK22: 5 | AL22: 8 | AM22: =AL22/AK22 -> 1.6 | AN22: 6 | AO22: 0 | AP22: =AO22/AN22 -> 0 | AQ22: 11 | AR22: 9 | AS22: =AR22/AQ22 -> 0.81818182 | AT22: 6 | AU22: 4 | AV22: =AU22/AT22 -> 0.66666667 | AW22: 2.5301907 | AX22: 0 | AY22: =AX22/AW22 -> 0 | AZ22: 9 | BA22: 2 | BB22: =BA22/AZ22 -> 0.22222222
A23: 21455 | B23: 7787 | C23: 1049683111 | D23: نايف سعود عبيد الدوسري | E23: Sales Agent | F23: Sales Agent | G23: XSER4753 | H23: XSER4753 | I23: Eastern & Northern | J23: Al Ahsa | K23: الهفوف ، العميرية | L23: 73009 | M23: إجازة سنوية | N23: 6 | O23: 0.1 | P23: 89064.316 | Q23: 86069.58 | R23: =Q23/P23 -> 0.96637558 | S23: 12741.429 | T23: 10315.45 | U23: 0.57414674 | V23: 25961.319 | W23: 15338.03 | X23: =W23/V23 -> 0.59080319 | Y23: 356.20211 | Z23: 0 | AA23: =Z23/Y23 -> 0 | AB23: 16 | AC23: 10 | AD23: =AC23/AB23 -> 0.625 | AE23: 3 | AF23: 2 | AG23: =AF23/AE23 -> 0.66666667 | AH23: 76 | AI23: 38 | AJ23: =AI23/AH23 -> 0.5 | AK23: 5 | AL23: 5 | AM23: =AL23/AK23 -> 1 | AN23: 5 | AO23: 5 | AP23: =AO23/AN23 -> 1 | AQ23: 10 | AR23: 7 | AS23: =AR23/AQ23 -> 0.7 | AT23: 5 | AU23: 5 | AV23: =AU23/AT23 -> 1 | AW23: 2.582903 | AX23: 0 | AY23: =AX23/AW23 -> 0 | AZ23: 8 | BA23: 1 | BB23: =BA23/AZ23 -> 0.125
A24: 21139 | B24: 7787 | C24: 1031797200 | D24: عبداللطيف سعود عبدالعزيز العامر | E24: Sales Agent | F24: Sales Agent | G24: XSER4399 | H24: XSER4399 | I24: Eastern & Northern | J24: Al Ahsa | K24: الهفوف ، العميرية | L24: 73009 | M24: استشاري مبيعات | O24: 0.25 | P24: 87803.548 | Q24: 97267.88 | R24: =Q24/P24 -> 1.1077899 | S24: 12561.065 | T24: 14705.2 | U24: 1.1706969 | V24: 25593.818 | W24: 16704.34 | X24: =W24/V24 -> 0.65267089 | Y24: 355.01477 | Z24: 120 | AA24: =Z24/Y24 -> 0.33801411 | AB24: 15 | AC24: 15 | AD24: =AC24/AB24 -> 1 | AE24: 3 | AF24: 2 | AG24: =AF24/AE24 -> 0.66666667 | AH24: 69 | AI24: 71 | AJ24: =AI24/AH24 -> 1.0289855 | AK24: 5 | AL24: 4 | AM24: =AL24/AK24 -> 0.8 | AN24: 6 | AO24: 7 | AP24: =AO24/AN24 -> 1.1666667 | AQ24: 9 | AR24: 6 | AS24: =AR24/AQ24 -> 0.66666667 | AT24: 6 | AU24: 5 | AV24: =AU24/AT24 -> 0.83333333 | AW24: 2.9226338 | AX24: 0 | AY24: =AX24/AW24 -> 0 | AZ24: 8 | BA24: 10 | BB24: =BA24/AZ24 -> 1.25
A25: 21212 | B25: 7787 | C25: 1010803540 | D25: فهد عليش عبدالله العجمي | E25: Sales Agent | F25: Sales Agent | G25: XSER4528 | H25: XSER4528 | I25: Eastern & Northern | J25: Al Ahsa | K25: الهفوف ، العميرية | L25: 73009 | M25: إجازة سنوية | N25: 5 | O25: 0.1 | P25: 89154.371 | Q25: 47457.42 | R25: =Q25/P25 -> 0.53230615 | S25: 12754.312 | T25: 312.17 | U25: 0.024475644 | V25: 25987.569 | W25: 14953.9 | X25: =W25/V25 -> 0.57542512 | Y25: 353.82742 | Z25: 0 | AA25: =Z25/Y25 -> 0 | AB25: 16 | AC25: 14 | AD25: =AC25/AB25 -> 0.875 | AE25: 3 | AF25: 0 | AG25: =AF25/AE25 -> 0 | AH25: 76 | AI25: 68 | AJ25: =AI25/AH25 -> 0.89473684 | AK25: 5 | AL25: 1 | AM25: =AL25/AK25 -> 0.2 | AN25: 5 | AO25: 5 | AP25: =AO25/AN25 -> 1 | AQ25: 10 | AR25: 4 | AS25: =AR25/AQ25 -> 0.4 | AT25: 4 | AU25: 0 | AV25: =AU25/AT25 -> 0 | AW25: 2.5802673 | AX25: 0 | AY25: =AX25/AW25 -> 0 | AZ25: 8 | BA25: 0 | BB25: =BA25/AZ25 -> 0
A26: 27666 | B26: 7787 | C26: 1002553905 | D26: فهد عبدالرحمن عبدالرحمن البقيشي | E26: Sales Agent | F26: Sales Agent | G26: XSER5295 | H26: XSER5295 | I26: Eastern & Northern | J26: Al Ahsa | K26: الهفوف ، العميرية | L26: 73009 | M26: Non Core | P26: 102489.25 | Q26: 110833.12 | R26: =Q26/P26 -> 1.0814121 | S26: 14661.984 | T26: 17082.62 | U26: 1.1650961 | V26: 29874.548 | W26: 29449.53 | X26: =W26/V26 -> 0.98577324 | Y26: 352.64008 | Z26: 0 | AA26: =Z26/Y26 -> 0 | AB26: 20 | AC26: 14 | AD26: =AC26/AB26 -> 0.7 | AE26: 3 | AF26: 1 | AG26: =AF26/AE26 -> 0.33333333 | AH26: 87 | AI26: 107 | AJ26: =AI26/AH26 -> 1.2298851 | AK26: 5 | AL26: 3 | AM26: =AL26/AK26 -> 0.6 | AN26: 6 | AO26: 2 | AP26: =AO26/AN26 -> 0.33333333 | AQ26: 11 | AR26: 10 | AS26: =AR26/AQ26 -> 0.90909091 | AT26: 6 | AU26: 9 | AV26: =AU26/AT26 -> 1.5 | AW26: 2.9226338 | AX26: 0 | AY26: =AX26/AW26 -> 0 | AZ26: 9 | BA26: 2 | BB26: =BA26/AZ26 -> 0.22222222
A27: 5177 | B27: 7787 | C27: 1068470671 | D27: ابراهيم سعد احمد المحارفي | E27: Sales Agent | F27: Sales Agent | G27: XSIS0427 | H27: EBU_XSIS0427 | I27: Eastern & Northern | J27: Al Ahsa | K27: الهفوف ، العميرية | L27: 73009 | M27: Non Core | P27: 102489.25 | Q27: 119999.23 | R27: =Q27/P27 -> 1.1708469 | S27: 14661.984 | T27: 10960.88 | U27: 0.74757142 | V27: 29874.548 | W27: 31073.42 | X27: =W27/V27 -> 1.0401302 | Y27: 351.45274 | Z27: 0 | AA27: =Z27/Y27 -> 0 | AB27: 20 | AC27: 19 | AD27: =AC27/AB27 -> 0.95 | AE27: 3 | AF27: 2 | AG27: =AF27/AE27 -> 0.66666667 | AH27: 87 | AI27: 95 | AJ27: =AI27/AH27 -> 1.091954 | AK27: 5 | AL27: 4 | AM27: =AL27/AK27 -> 0.8 | AN27: 6 | AO27: 3 | AP27: =AO27/AN27 -> 0.5 | AQ27: 11 | AR27: 8 | AS27: =AR27/AQ27 -> 0.72727273 | AT27: 6 | AU27: 6 | AV27: =AU27/AT27 -> 1 | AW27: 2.9226338 | AX27: 0 | AY27: =AX27/AW27 -> 0 | AZ27: 9 | BA27: 7 | BB27: =BA27/AZ27 -> 0.77777778
A28: 21515 | B28: 7787 | C28: 1027399235 | D28: ابراهيم خالد ابراهيم العبيد الله | E28: Sales Agent | F28: Sales Agent | G28: XSER4054 | H28: XSER4054 | I28: Eastern & Northern | J28: Al Ahsa | K28: الهفوف ، العميرية | L28: 73009 | M28: استشاري مبيعات | O28: 0.4 | P28: 70242.838 | Q28: 39437.4 | R28: =Q28/P28 -> 0.56144372 | S28: 10048.852 | T28: 15850.52 | U28: 1.1837044 | V28: 20475.054 | W28: 5350.78 | X28: =W28/V28 -> 0.26133166 | Y28: 118.73404 | Z28: 0 | AA28: =Z28/Y28 -> 0 | AB28: 10 | AC28: 12 | AD28: =AC28/AB28 -> 1.2 | AE28: 1 | AF28: 2 | AG28: =AF28/AE28 -> 2 | AH28: 42 | AI28: 65 | AJ28: =AI28/AH28 -> 1.547619 | AK28: 3 | AL28: 1 | AM28: =AL28/AK28 -> 0.33333333 | AN28: 4 | AO28: 3 | AP28: =AO28/AN28 -> 0.75 | AQ28: 6 | AR28: 5 | AS28: =AR28/AQ28 -> 0.83333333 | AT28: 3 | AU28: 2 | AV28: =AU28/AT28 -> 0.66666667 | AW28: 2.0557799 | AX28: 0 | AY28: =AX28/AW28 -> 0 | AZ28: 5 | BA28: 0 | BB28: =BA28/AZ28 -> 0
A29: 21145 | B29: 7787 | C29: 1005302656 | D29: صالح سعد علي البحر | E29: Sales Agent | F29: Sales Agent | G29: XSER4327 | H29: XSER4327 | I29: Eastern & Northern | J29: Al Ahsa | K29: الهفوف ، العميرية | L29: 73009 | M29: خبير سكني + Non Core | P29: 102489.25 | Q29: 157637.45 | R29: =Q29/P29 -> 1.5380876 | S29: 14661.984 | T29: 11140.01 | U29: 0.55078904 | V29: 29874.548 | W29: 38889.91 | X29: =W29/V29 -> 1.301774 | Y29: 350.2654 | Z29: 0 | AA29: =Z29/Y29 -> 0 | AB29: 20 | AC29: 17 | AD29: =AC29/AB29 -> 0.85 | AE29: 3 | AF29: 0 | AG29: =AF29/AE29 -> 0 | AH29: 86 | AI29: 80 | AJ29: =AI29/AH29 -> 0.93023256 | AK29: 5 | AL29: 2 | AM29: =AL29/AK29 -> 0.4 | AN29: 6 | AO29: 6 | AP29: =AO29/AN29 -> 1 | AQ29: 11 | AR29: 7 | AS29: =AR29/AQ29 -> 0.63636364 | AT29: 10 | AU29: 8 | AV29: =AU29/AT29 -> 0.8 | AW29: 18.381572 | AX29: 0 | AY29: =AX29/AW29 -> 0 | AZ29: 9 | BA29: 3 | BB29: =BA29/AZ29 -> 0.33333333
A30: 9860 | B30: 7787 | C30: 1077552790 | D30: محمود حمد عبدالله الجعفري | E30: Sales Agent | F30: Sales Agent | G30: XSIS1159 | H30: EBU_XSIS1159 | I30: Eastern & Northern | J30: Al Ahsa | K30: الهفوف ، العميرية | L30: 73009 | M30: خبير اعمال | P30: 87803.548 | Q30: 48271.32 | R30: =Q30/P30 -> 0.54976503 | S30: 12561.065 | T30: 21644.66 | U30: 1.7231548 | V30: 25593.818 | W30: 11913.17 | X30: =W30/V30 -> 0.46547061 | Y30: 5904.0499 | Z30: 1604 | AA30: =Z30/Y30 -> 0.27167792 | AB30: 20 | AC30: 19 | AD30: =AC30/AB30 -> 0.95 | AE30: 3 | AF30: 1 | AG30: =AF30/AE30 -> 0.33333333 | AH30: 86 | AI30: 49 | AJ30: =AI30/AH30 -> 0.56976744 | AK30: 5 | AL30: 3 | AM30: =AL30/AK30 -> 0.6 | AN30: 6 | AO30: 3 | AP30: =AO30/AN30 -> 0.5 | AQ30: 11 | AR30: 3 | AS30: =AR30/AQ30 -> 0.27272727 | AT30: 5 | AU30: 9 | AV30: =AU30/AT30 -> 1.8 | AW30: 2.9226338 | AX30: 0 | AY30: =AX30/AW30 -> 0 | AZ30: 9 | BA30: 2 | BB30: =BA30/AZ30 -> 0.22222222
A31: 21205 | B31: 7787 | C31: 1004938344 | D31: محمد يوسف محمد الجيبان | E31: Sales Agent | F31: Sales Agent | G31: XSER4690 | H31: XSER4690 | I31: Eastern & Northern | J31: Al Ahsa | K31: الهفوف ، العميرية | L31: 73009 | P31: 90045.915 | Q31: 62122.63 | R31: =Q31/P31 -> 0.68989948 | S31: 12881.855 | T31: 9388.71 | U31: 0.72883212 | V31: 26247.445 | W31: 8663.04 | X31: =W31/V31 -> 0.3300527 | Y31: 349.07806 | Z31: 0 | AA31: =Z31/Y31 -> 0 | AB31: 20 | AC31: 13 | AD31: =AC31/AB31 -> 0.65 | AE31: 3 | AF31: 3 | AG31: =AF31/AE31 -> 1 | AH31: 86 | AI31: 63 | AJ31: =AI31/AH31 -> 0.73255814 | AK31: 5 | AL31: 1 | AM31: =AL31/AK31 -> 0.2 | AN31: 6 | AO31: 5 | AP31: =AO31/AN31 -> 0.83333333 | AQ31: 11 | AR31: 4 | AS31: =AR31/AQ31 -> 0.36363636 | AT31: 6 | AU31: 2 | AV31: =AU31/AT31 -> 0.33333333 | AW31: 2.582903 | AX31: 0 | AY31: =AX31/AW31 -> 0 | AZ31: 9 | BA31: 2 | BB31: =BA31/AZ31 -> 0.22222222
A32: 8842 | B32: 7787 | C32: 1019831138 | D32: احمد صادق حجي الحسن | E32: Sales Agent | F32: Sales Agent | G32: XSMT0384 | H32: XSMT0384 | I32: Eastern & Northern | J32: Al Ahsa | K32: الهفوف ، العميرية | L32: 73009 | M32: Non Core | P32: 102489.25 | Q32: 180035.74 | R32: =Q32/P32 -> 1.7566304 | S32: 14661.984 | T32: 15460.88 | U32: 0.97887027 | V32: 29874.548 | W32: 28026.08 | X32: =W32/V32 -> 0.93812566 | Y32: 347.89072 | Z32: 0 | AA32: =Z32/Y32 -> 0 | AB32: 20 | AC32: 16 | AD32: =AC32/AB32 -> 0.8 | AE32: 3 | AF32: 2 | AG32: =AF32/AE32 -> 0.66666667 | AH32: 86 | AI32: 60 | AJ32: =AI32/AH32 -> 0.69767442 | AK32: 5 | AL32: 6 | AM32: =AL32/AK32 -> 1.2 | AN32: 6 | AO32: 1 | AP32: =AO32/AN32 -> 0.16666667 | AQ32: 11 | AR32: 11 | AS32: =AR32/AQ32 -> 1 | AT32: 6 | AU32: 6 | AV32: =AU32/AT32 -> 1 | AW32: 2.6356153 | AX32: 0 | AY32: =AX32/AW32 -> 0 | AZ32: 9 | BA32: 3 | BB32: =BA32/AZ32 -> 0.33333333
A33: 8778 | B33: 7787 | C33: 1003737390 | D33: فهد عيسى فهد العويض | E33: Sales Agent | F33: Sales Agent | G33: XSMT0217 | H33: XSMT0217 | I33: Eastern & Northern | J33: Al Ahsa | K33: الهفوف ، العميرية | L33: 73009 | P33: 90054.921 | Q33: 90518.32 | R33: =Q33/P33 -> 1.0051457 | S33: 12883.144 | T33: 9700.88 | U33: 0.75299013 | V33: 26250.07 | W33: 32155.98 | X33: =W33/V33 -> 1.2249865 | Y33: 346.70338 | Z33: 0 | AA33: =Z33/Y33 -> 0 | AB33: 20 | AC33: 19 | AD33: =AC33/AB33 -> 0.95 | AE33: 3 | AF33: 2 | AG33: =AF33/AE33 -> 0.66666667 | AH33: 86 | AI33: 59 | AJ33: =AI33/AH33 -> 0.68604651 | AK33: 5 | AL33: 7 | AM33: =AL33/AK33 -> 1.4 | AN33: 6 | AO33: 10 | AP33: =AO33/AN33 -> 1.6666667 | AQ33: 11 | AR33: 21 | AS33: =AR33/AQ33 -> 1.9090909 | AT33: 6 | AU33: 2 | AV33: =AU33/AT33 -> 0.33333333 | AW33: 2.9226338 | AX33: 0 | AY33: =AX33/AW33 -> 0 | AZ33: 9 | BA33: 5 | BB33: =BA33/AZ33 -> 0.55555556
A34: 9839 | B34: 7787 | C34: 1073487082 | D34: محمد عبدالله عبدالرحمن العثمان | E34: Sales Agent | F34: Sales Agent | G34: XSIS1145 | H34: EBU_XSIS1145 | I34: Eastern & Northern | J34: Al Ahsa | K34: الهفوف ، العميرية | L34: 73009 | P34: 90036.91 | Q34: 96752.21 | R34: =Q34/P34 -> 1.0745839 | S34: 12880.567 | T34: 8445.3 | U34: 0.43969803 | V34: 26244.82 | W34: 16000.78 | X34: =W34/V34 -> 0.60967384 | Y34: 345.51604 | Z34: 0 | AA34: =Z34/Y34 -> 0 | AB34: 19 | AC34: 20 | AD34: =AC34/AB34 -> 1.0526316 | AE34: 3 | AF34: 0 | AG34: =AF34/AE34 -> 0 | AH34: 86 | AI34: 70 | AJ34: =AI34/AH34 -> 0.81395349 | AK34: 5 | AL34: 5 | AM34: =AL34/AK34 -> 1 | AN34: 6 | AO34: 5 | AP34: =AO34/AN34 -> 0.83333333 | AQ34: 11 | AR34: 4 | AS34: =AR34/AQ34 -> 0.36363636 | AT34: 6 | AU34: 7 | AV34: =AU34/AT34 -> 1.1666667 | AW34: 2.6324525 | AX34: 0 | AY34: =AX34/AW34 -> 0 | AZ34: 9 | BA34: 1 | BB34: =BA34/AZ34 -> 0.11111111
A35: 11621 | B35: 7787 | C35: 1067766806 | D35: مرتضى سامي خليفه البريه | E35: Sales Agent | F35: Sales Agent | G35: XSMT0243 | H35: EBU_XSMT0243 | I35: Eastern & Northern | J35: Al Ahsa | K35: الهفوف ، العميرية | L35: 73009 | M35: استشاري مبيعات | O35: 0.4 | P35: 70152.783 | Q35: 13215.66 | R35: =Q35/P35 -> 0.18838397 | S35: 10035.969 | T35: 6259.14 | U35: 0.62367072 | V35: 20448.804 | W35: 4607.83 | X35: =W35/V35 -> 0.22533494 | Y35: 0 | Z35: 0 | AA35: =Z35/Y35 -> #DIV/0! | AB35: 10 | AC35: 2 | AD35: =AC35/AB35 -> 0.2 | AE35: 1 | AF35: 0 | AG35: =AF35/AE35 -> 0 | AH35: 42 | AI35: 36 | AJ35: =AI35/AH35 -> 0.85714286 | AK35: 3 | AL35: 1 | AM35: =AL35/AK35 -> 0.33333333 | AN35: 3 | AO35: 3 | AP35: =AO35/AN35 -> 1 | AQ35: 6 | AR35: 2 | AS35: =AR35/AQ35 -> 0.33333333 | AT35: 3 | AU35: 4 | AV35: =AU35/AT35 -> 1.3333333 | AW35: 2.632189 | AX35: 0 | AY35: =AX35/AW35 -> 0 | AZ35: 5 | BA35: 1 | BB35: =BA35/AZ35 -> 0.2
A36: 21141 | B36: 19241 | C36: 1024520437 | D36: محمد عبدالله عبدالرحمن العامر | E36: Branch Manager | F36: Branch Manager | G36: XSER4650 | H36: XSER4650 | I36: Eastern & Northern | J36: Al Ahsa | K36: القارة | L36: 73010 | P36: 290192.22 | Q36: 0 | R36: =Q36/P36 -> 0 | S36: 46545.551 | T36: 0 | U36: 0 | V36: 94838.92 | W36: 0 | X36: =W36/V36 -> 0 | Y36: 2000.407 | Z36: 0 | AA36: =Z36/Y36 -> 0 | AB36: 65 | AC36: 0 | AD36: =AC36/AB36 -> 0 | AE36: 9 | AF36: 0 | AG36: =AF36/AE36 -> 0 | AH36: 270.76146 | AI36: 0 | AJ36: =AI36/AH36 -> 0 | AK36: 12.735855 | AL36: 0 | AM36: =AL36/AK36 -> 0 | AN36: 11.540072 | AO36: 0 | AP36: =AO36/AN36 -> 0 | AQ36: 37.636447 | AR36: 0 | AS36: =AR36/AQ36 -> 0 | AT36: 10 | AU36: 0 | AV36: =AU36/AT36 -> 0 | AW36: 8.4929846 | AX36: 0 | AY36: =AX36/AW36 -> 0 | AZ36: 23 | BA36: 0 | BB36: =BA36/AZ36 -> 0
A37: 3500 | B37: 21141 | C37: 1060533427 | D37: حسين طاهر الحمد | E37: Sales Agent | F37: Sales Agent | G37: XSER1651 | H37: EBU_XSER1651 | I37: Eastern & Northern | J37: Al Ahsa | K37: القارة | L37: 73010 | M37: Non Core | P37: 75510.918 | Q37: 39002.61 | R37: =Q37/P37 -> 0.51651617 | S37: 12111.618 | T37: 6867.82 | U37: 0.56704398 | V37: 24678.035 | W37: 12155.61 | X37: =W37/V37 -> 0.49256798 | Y37: 740.34657 | Z37: 0 | AA37: =Z37/Y37 -> 0 | AB37: 15 | AC37: 10 | AD37: =AC37/AB37 -> 0.66666667 | AE37: 3 | AF37: 0 | AG37: =AF37/AE37 -> 0 | AH37: 81.631786 | AI37: 34 | AJ37: =AI37/AH37 -> 0.41650442 | AK37: 3.9799545 | AL37: 1 | AM37: =AL37/AK37 -> 0.25125915 | AN37: 3.6062725 | AO37: 6 | AP37: =AO37/AN37 -> 1.6637678 | AQ37: 7.168847 | AR37: 2 | AS37: =AR37/AQ37 -> 0.27898489 | AT37: 1 | AU37: 0 | AV37: =AU37/AT37 -> 0 | AW37: 2.2099595 | AX37: 0 | AY37: =AX37/AW37 -> 0 | AZ37: 10 | BA37: 7 | BB37: =BA37/AZ37 -> 0.7
A38: 3495 | B38: 21141 | C38: 1017434091 | D38: هاني علي حسين العباد | E38: Sales Agent | F38: Sales Agent | G38: XSIS0964 | H38: EBU_XSIS0964 | I38: Eastern & Northern | J38: Al Ahsa | K38: القارة | L38: 73010 | M38: Non Core | P38: 75510.918 | Q38: 45322.61 | R38: =Q38/P38 -> 0.60021267 | S38: 12111.618 | T38: 6977.4 | U38: 0.25839405 | V38: 24678.035 | W38: 10416.95 | X38: =W38/V38 -> 0.42211424 | Y38: 700.34657 | Z38: 0 | AA38: =Z38/Y38 -> 0 | AB38: 15 | AC38: 9 | AD38: =AC38/AB38 -> 0.6 | AE38: 3 | AF38: 0 | AG38: =AF38/AE38 -> 0 | AH38: 81.631786 | AI38: 29 | AJ38: =AI38/AH38 -> 0.35525377 | AK38: 3.9799545 | AL38: 1 | AM38: =AL38/AK38 -> 0.25125915 | AN38: 3.6062725 | AO38: 4 | AP38: =AO38/AN38 -> 1.1091785 | AQ38: 10.75327 | AR38: 5 | AS38: =AR38/AQ38 -> 0.46497482 | AT38: 1 | AU38: 1 | AV38: =AU38/AT38 -> 1 | AW38: 2.2099595 | AX38: 0 | AY38: =AX38/AW38 -> 0 | AZ38: 3 | BA38: 2 | BB38: =BA38/AZ38 -> 0.66666667
A39: 21259 | B39: 21141 | C39: 1015700162 | D39: سامي مبارك عبدالله القاسم | E39: Sales Agent | F39: Sales Agent | G39: XSER4273 | H39: XSER4273 | I39: Eastern & Northern | J39: Al Ahsa | K39: القارة | L39: 73010 | M39: موظف احتياجات خاصة | O39: 0.5 | P39: 46430.755 | Q39: 63987.84 | R39: =Q39/P39 -> 1.3781348 | S39: 7447.2882 | T39: 3738.26 | U39: 0 | V39: 15174.227 | W39: 22467.42 | X39: =W39/V39 -> 1.4806303 | Y39: 180.03663 | Z39: 0 | AA39: =Z39/Y39 -> 0 | AB39: 10 | AC39: 21 | AD39: =AC39/AB39 -> 2.1 | AE39: 1 | AF39: 0 | AG39: =AF39/AE39 -> 0 | AH39: 35.83263 | AI39: 41 | AJ39: =AI39/AH39 -> 1.1442085 | AK39: 1.5919818 | AL39: 3 | AM39: =AL39/AK39 -> 1.8844436 | AN39: 1.442509 | AO39: 5 | AP39: =AO39/AN39 -> 3.4661828 | AQ39: 8.9610587 | AR39: 9 | AS39: =AR39/AQ39 -> 1.0043456 | AT39: 4 | AU39: 5 | AV39: =AU39/AT39 -> 1.25 | AW39: 1.3588775 | AX39: 0 | AY39: =AX39/AW39 -> 0 | AZ39: 3 | BA39: 3 | BB39: =BA39/AZ39 -> 1
A40: 4478 | B40: 21141 | C40: 1090166685 | D40: سلطان محمد زيد اللبيدي | E40: Sales Agent | F40: Sales Agent | G40: XSIS0080 | H40: XSIS0080 | I40: Eastern & Northern | J40: Al Ahsa | K40: القارة | L40: 73010 | M40: استشاري مبيعات | O40: 0.4 | P40: 46372.717 | Q40: 59850.46 | R40: =Q40/P40 -> 1.2906395 | S40: 7437.9791 | T40: 27819.12 | U40: 3.740145 | V40: 15155.259 | W40: 29741.36 | X40: =W40/V40 -> 1.9624448 | Y40: 200.0407 | Z40: 0 | AA40: =Z40/Y40 -> 0 | AB40: 10 | AC40: 6 | AD40: =AC40/AB40 -> 0.6 | AE40: 1 | AF40: 1 | AG40: =AF40/AE40 -> 1 | AH40: 35.83263 | AI40: 20 | AJ40: =AI40/AH40 -> 0.55815049 | AK40: 1.5919818 | AL40: 1 | AM40: =AL40/AK40 -> 0.62814788 | AN40: 1.442509 | AO40: 0 | AP40: =AO40/AN40 -> 0 | AQ40: 5.3766352 | AR40: 5 | AS40: =AR40/AQ40 -> 0.92994964 | AT40: 2 | AU40: 0 | AV40: =AU40/AT40 -> 0 | AW40: 1.3571789 | AX40: 0 | AY40: =AX40/AW40 -> 0 | AZ40: 3 | BA40: 5 | BB40: =BA40/AZ40 -> 1.6666667
A41: 3524 | B41: 21141 | C41: 1054866429 | D41: احمد علي سعود ال سليمان | E41: Sales Agent | F41: Sales Agent | G41: XSIS0272 | H41: EBU_XSIS0272 | I41: Eastern & Northern | J41: Al Ahsa | K41: القارة | L41: 73010 | M41: استشاري مبيعات | O41: 0.4 | P41: 46366.913 | Q41: 51583.49 | R41: =Q41/P41 -> 1.1125064 | S41: 7437.0482 | T41: 17386.95 | U41: 2.3378832 | V41: 15153.363 | W41: 4530 | X41: =W41/V41 -> 0.29894355 | Y41: 179.63655 | Z41: 0 | AA41: =Z41/Y41 -> 0 | AB41: 15 | AC41: 15 | AD41: =AC41/AB41 -> 1 | AE41: 1 | AF41: 0 | AG41: =AF41/AE41 -> 0 | AH41: 35.83263 | AI41: 26 | AJ41: =AI41/AH41 -> 0.72559564 | AK41: 1.5919818 | AL41: 2 | AM41: =AL41/AK41 -> 1.2562958 | AN41: 1.442509 | AO41: 5 | AP41: =AO41/AN41 -> 3.4661828 | AQ41: 5.3766352 | AR41: 3 | AS41: =AR41/AQ41 -> 0.55796979 | AT41: 2 | AU41: 1 | AV41: =AU41/AT41 -> 0.5 | AW41: 1.3570091 | AX41: 0 | AY41: =AX41/AW41 -> 0 | AZ41: 4 | BA41: 3 | BB41: =BA41/AZ41 -> 0.75
A42: 21227 | B42: 19241 | C42: 1007893256 | D42: عبدالله عبدالعزيز عبدالله الخميس | E42: Branch Manager | F42: Branch Manager | G42: XSER4423 | H42: XSER4423 | I42: Eastern & Northern | J42: Al Ahsa | K42: الاحساء ، برج العلي | L42: 73015 | P42: 945975.69 | Q42: 0 | R42: =Q42/P42 -> 0 | S42: 145454.85 | T42: 0 | U42: 0 | V42: 296371.75 | W42: 0 | X42: =W42/V42 -> 0 | Y42: 12113.772 | Z42: 0 | AA42: =Z42/Y42 -> 0 | AB42: 198 | AC42: 0 | AD42: =AC42/AB42 -> 0 | AE42: 24 | AF42: 0 | AG42: =AF42/AE42 -> 0 | AH42: 861 | AI42: 0 | AJ42: =AI42/AH42 -> 0 | AK42: 42 | AL42: 0 | AM42: =AL42/AK42 -> 0 | AN42: 54 | AO42: 1 | AP42: =AO42/AN42 -> 0.018518519 | AQ42: 117 | AR42: 0 | AS42: =AR42/AQ42 -> 0 | AT42: 58 | AU42: 0 | AV42: =AU42/AT42 -> 0 | AW42: 27.685639 | AX42: 0 | AY42: =AX42/AW42 -> 0 | AZ42: 87 | BA42: 0 | BB42: =BA42/AZ42 -> 0
A43: 4415 | B43: 21227 | C43: 1041453059 | D43: يوسف محمد احمد الجبيلي | E43: Branch Supervisor | F43: Branch Supervisor | G43: XSIS0070 | H43: EBU_XSIS0070 | I43: Eastern & Northern | J43: Al Ahsa | K43: الاحساء ، برج العلي | L43: 73015 | P43: 945975.69 | Q43: 0 | R43: =Q43/P43 -> 0 | S43: 145454.85 | T43: 0 | U43: 0 | V43: 296371.75 | W43: 0 | X43: =W43/V43 -> 0 | Y43: 12113.772 | Z43: 0 | AA43: =Z43/Y43 -> 0 | AB43: 198 | AC43: 0 | AD43: =AC43/AB43 -> 0 | AE43: 24 | AF43: 0 | AG43: =AF43/AE43 -> 0 | AH43: 861 | AI43: 0 | AJ43: =AI43/AH43 -> 0 | AK43: 42 | AL43: 0 | AM43: =AL43/AK43 -> 0 | AN43: 54 | AO43: 6 | AP43: =AO43/AN43 -> 0.11111111 | AQ43: 117 | AR43: 0 | AS43: =AR43/AQ43 -> 0 | AT43: 58 | AU43: 0 | AV43: =AU43/AT43 -> 0 | AW43: 27.685639 | AX43: 0 | AY43: =AX43/AW43 -> 0 | AZ43: 87 | BA43: 0 | BB43: =BA43/AZ43 -> 0
A44: 3506 | B44: 4415 | C44: 1022712143 | D44: محمد عبدالله علي العبدرب النبي | E44: Sales Agent | F44: Sales Agent | G44: XSER1657 | H44: EBU_XSER1657 | I44: Eastern & Northern | J44: Al Ahsa | K44: الاحساء ، برج العلي | L44: 73015 | M44: استشاري مبيعات | O44: 0.4 | P44: 64554.958 | Q44: 67015.68 | R44: =Q44/P44 -> 1.0381183 | S44: 9926.0812 | T44: 31666.74 | U44: 3.190256 | V44: 20224.902 | W44: 23658.47 | X44: =W44/V44 -> 1.1697693 | Y44: 353.31835 | Z44: 359 | AA44: =Z44/Y44 -> 1.0160808 | AB44: 9 | AC44: 6 | AD44: =AC44/AB44 -> 0.66666667 | AE44: 2 | AF44: 2 | AG44: =AF44/AE44 -> 1 | AH44: 43 | AI44: 22 | AJ44: =AI44/AH44 -> 0.51162791 | AK44: 2 | AL44: 2 | AM44: =AL44/AK44 -> 1 | AN44: 3 | AO44: 8 | AP44: =AO44/AN44 -> 2.6666667 | AQ44: 8 | AR44: 6 | AS44: =AR44/AQ44 -> 0.75 | AT44: 2 | AU44: 21 | AV44: =AU44/AT44 -> 10.5 | AW44: 1.8893141 | AX44: 0 | AY44: =AX44/AW44 -> 0 | AZ44: 5 | BA44: 4 | BB44: =BA44/AZ44 -> 0.8
A45: 3752 | B45: 4415 | C45: 1069090783 | D45: فهد مسلط ضيف الله العتيبي | E45: Sales Agent | F45: Sales Agent | G45: XSER1618 | H45: EBU_XSER1618 | I45: Eastern & Northern | J45: Al Ahsa | K45: الاحساء ، برج العلي | L45: 73015 | P45: 78752.476 | Q45: 52508.7 | R45: =Q45/P45 -> 0.66675618 | S45: 12109.116 | T45: 13909.56 | U45: 1.148685 | V45: 24672.949 | W45: 7230.87 | X45: =W45/V45 -> 0.29306874 | Y45: 548.14818 | Z45: 0 | AA45: =Z45/Y45 -> 0 | AB45: 20 | AC45: 3 | AD45: =AC45/AB45 -> 0.15 | AE45: 2 | AF45: 0 | AG45: =AF45/AE45 -> 0 | AH45: 84 | AI45: 37 | AJ45: =AI45/AH45 -> 0.44047619 | AK45: 4 | AL45: 2 | AM45: =AL45/AK45 -> 0.5 | AN45: 5 | AO45: 1 | AP45: =AO45/AN45 -> 0.2 | AQ45: 11 | AR45: 3 | AS45: =AR45/AQ45 -> 0.27272727 | AT45: 5 | AU45: 1 | AV45: =AU45/AT45 -> 0.2 | AW45: 2.3048294 | AX45: 0 | AY45: =AX45/AW45 -> 0 | AZ45: 8 | BA45: 2 | BB45: =BA45/AZ45 -> 0.25
A46: 22168 | B46: 4415 | C46: 1003593264 | D46: نايف محمد علي الجلجل | E46: Sales Agent | F46: Sales Agent | G46: XSER4963 | H46: XSER4963 | I46: Eastern & Northern | J46: Al Ahsa | K46: الاحساء ، برج العلي | L46: 73015 | P46: 78744.593 | Q46: 51032.2 | R46: =Q46/P46 -> 0.64807243 | S46: 12107.904 | T46: 0 | U46: 0 | V46: 24670.479 | W46: 11346.52 | X46: =W46/V46 -> 0.45992297 | Y46: 549.15766 | Z46: 0 | AA46: =Z46/Y46 -> 0 | AB46: 20 | AC46: 7 | AD46: =AC46/AB46 -> 0.35 | AE46: 2 | AF46: 1 | AG46: =AF46/AE46 -> 0.5 | AH46: 84 | AI46: 54 | AJ46: =AI46/AH46 -> 0.64285714 | AK46: 4 | AL46: 1 | AM46: =AL46/AK46 -> 0.25 | AN46: 5 | AO46: 5 | AP46: =AO46/AN46 -> 1 | AQ46: 11 | AR46: 7 | AS46: =AR46/AQ46 -> 0.63636364 | AT46: 5 | AU46: 2 | AV46: =AU46/AT46 -> 0.4 | AW46: 2.3045987 | AX46: 0 | AY46: =AX46/AW46 -> 0 | AZ46: 8 | BA46: 0 | BB46: =BA46/AZ46 -> 0
A47: 9852 | B47: 4415 | C47: 1074176551 | D47: حسن عبدالمحسن أحمد الخواجه | E47: Sales Agent | F47: Sales Agent | G47: XSIS1158 | H47: XSIS1158 | I47: Eastern & Northern | J47: Al Ahsa | K47: الاحساء ، برج العلي | L47: 73015 | M47: Non Core | P47: 90989.066 | Q47: 94464.37 | R47: =Q47/P47 -> 1.0381947 | S47: 13990.635 | T47: 13909.56 | U47: 0.99420504 | V47: 28506.641 | W47: 13755.22 | X47: =W47/V47 -> 0.48252687 | Y47: 550.16714 | Z47: 0 | AA47: =Z47/Y47 -> 0 | AB47: 20 | AC47: 27 | AD47: =AC47/AB47 -> 1.35 | AE47: 2 | AF47: 0 | AG47: =AF47/AE47 -> 0 | AH47: 84 | AI47: 55 | AJ47: =AI47/AH47 -> 0.6547619 | AK47: 4 | AL47: 3 | AM47: =AL47/AK47 -> 0.75 | AN47: 5 | AO47: 2 | AP47: =AO47/AN47 -> 0.4 | AQ47: 11 | AR47: 11 | AS47: =AR47/AQ47 -> 1 | AT47: 5 | AU47: 5 | AV47: =AU47/AT47 -> 1 | AW47: 2.6629547 | AX47: 0 | AY47: =AX47/AW47 -> 0 | AZ47: 8 | BA47: 1 | BB47: =BA47/AZ47 -> 0.125
A48: 9822 | B48: 4415 | C48: 1076354982 | D48: فؤاد عبدالله ابراهيم بن عشوان | E48: Sales Agent | F48: Sales Agent | G48: XSIS1160 | H48: EBU_XSIS1160 | I48: Eastern & Northern | J48: Al Ahsa | K48: الاحساء ، برج العلي | L48: 73015 | M48: Non Core | P48: 90989.066 | Q48: 56859.15 | R48: =Q48/P48 -> 0.62490091 | S48: 13990.635 | T48: 20864.34 | U48: 1.4913076 | V48: 28506.641 | W48: 23852.16 | X48: =W48/V48 -> 0.83672293 | Y48: 551.17662 | Z48: 0 | AA48: =Z48/Y48 -> 0 | AB48: 20 | AC48: 19 | AD48: =AC48/AB48 -> 0.95 | AE48: 2 | AF48: 1 | AG48: =AF48/AE48 -> 0.5 | AH48: 84 | AI48: 56 | AJ48: =AI48/AH48 -> 0.66666667 | AK48: 4 | AL48: 1 | AM48: =AL48/AK48 -> 0.25 | AN48: 5 | AO48: 2 | AP48: =AO48/AN48 -> 0.4 | AQ48: 11 | AR48: 12 | AS48: =AR48/AQ48 -> 1.0909091 | AT48: 5 | AU48: 3 | AV48: =AU48/AT48 -> 0.6 | AW48: 2.6629547 | AX48: 0 | AY48: =AX48/AW48 -> 0 | AZ48: 8 | BA48: 1 | BB48: =BA48/AZ48 -> 0.125
A49: 21018 | B49: 4415 | C49: 1033935568 | D49: عبدالعزيز عبدالله محمد الزعبي | E49: Sales Agent | F49: Sales Agent | G49: XSER4390 | H49: XSER4390 | I49: Eastern & Northern | J49: Al Ahsa | K49: الاحساء ، برج العلي | L49: 73015 | P49: 78736.71 | Q49: 39038.27 | R49: =Q49/P49 -> 0.49580774 | S49: 12106.692 | T49: 21516.51 | U49: 1.7772411 | V49: 24668.009 | W49: 13059.56 | X49: =W49/V49 -> 0.52941281 | Y49: 552.1861 | Z49: 0 | AA49: =Z49/Y49 -> 0 | AB49: 20 | AC49: 17 | AD49: =AC49/AB49 -> 0.85 | AE49: 2 | AF49: 0 | AG49: =AF49/AE49 -> 0 | AH49: 84 | AI49: 38 | AJ49: =AI49/AH49 -> 0.45238095 | AK49: 4 | AL49: 2 | AM49: =AL49/AK49 -> 0.5 | AN49: 5 | AO49: 3 | AP49: =AO49/AN49 -> 0.6 | AQ49: 11 | AR49: 7 | AS49: =AR49/AQ49 -> 0.63636364 | AT49: 5 | AU49: 2 | AV49: =AU49/AT49 -> 0.4 | AW49: 2.304368 | AX49: 0 | AY49: =AX49/AW49 -> 0 | AZ49: 8 | BA49: 2 | BB49: =BA49/AZ49 -> 0.25
A50: 21233 | B50: 4415 | C50: 1017611763 | D50: احمد محمد ناصر السعيد | E50: Sales Agent | F50: Sales Agent | G50: XSER4121 | H50: XSER4121 | I50: Eastern & Northern | J50: Al Ahsa | K50: الاحساء ، برج العلي | L50: 73015 | M50: خبير سكني | P50: 76466.369 | Q50: 71103.5 | R50: =Q50/P50 -> 0.92986631 | S50: 11757.6 | T50: 15126.08 | U50: 1.2864938 | V50: 23956.717 | W50: 14467.83 | X50: =W50/V50 -> 0.60391539 | Y50: 553.19559 | Z50: 0 | AA50: =Z50/Y50 -> 0 | AB50: 20 | AC50: 9 | AD50: =AC50/AB50 -> 0.45 | AE50: 2 | AF50: 3 | AG50: =AF50/AE50 -> 1.5 | AH50: 84 | AI50: 20 | AJ50: =AI50/AH50 -> 0.23809524 | AK50: 4 | AL50: 2 | AM50: =AL50/AK50 -> 0.5 | AN50: 5 | AO50: 4 | AP50: =AO50/AN50 -> 0.8 | AQ50: 9 | AR50: 6 | AS50: =AR50/AQ50 -> 0.66666667 | AT50: 15 | AU50: 11 | AV50: =AU50/AT50 -> 0.73333333 | AW50: 2.2379224 | AX50: 0 | AY50: =AX50/AW50 -> 0 | AZ50: 8 | BA50: 5 | BB50: =BA50/AZ50 -> 0.625
A51: 5852 | B51: 4415 | C51: 1019895109 | D51: هيثم وهب عبدالله الحضري | E51: Sales Agent | F51: Sales Agent | G51: XSER2201 | H51: EBU_XSER2201 | I51: Eastern & Northern | J51: Al Ahsa | K51: الاحساء ، برج العلي | L51: 73015 | M51: Non Core | P51: 90989.066 | Q51: 53939.15 | R51: =Q51/P51 -> 0.59280914 | S51: 13990.635 | T51: 22863.47 | U51: 1.6341981 | V51: 28506.641 | W51: 19180 | X51: =W51/V51 -> 0.67282568 | Y51: 554.20507 | Z51: 0 | AA51: =Z51/Y51 -> 0 | AB51: 20 | AC51: 16 | AD51: =AC51/AB51 -> 0.8 | AE51: 2 | AF51: 0 | AG51: =AF51/AE51 -> 0 | AH51: 84 | AI51: 39 | AJ51: =AI51/AH51 -> 0.46428571 | AK51: 4 | AL51: 4 | AM51: =AL51/AK51 -> 1 | AN51: 5 | AO51: 5 | AP51: =AO51/AN51 -> 1 | AQ51: 12 | AR51: 8 | AS51: =AR51/AQ51 -> 0.66666667 | AT51: 5 | AU51: 6 | AV51: =AU51/AT51 -> 1.2 | AW51: 2.6629547 | AX51: 0 | AY51: =AX51/AW51 -> 0 | AZ51: 8 | BA51: 0 | BB51: =BA51/AZ51 -> 0
A52: 21435 | B52: 4415 | C52: 1003125992 | D52: أحمد عبدالعزيز احمد السليم | E52: Sales Agent | F52: Sales Agent | G52: XSER4076 | H52: XSER4076 | I52: Eastern & Northern | J52: Al Ahsa | K52: الاحساء ، برج العلي | L52: 73015 | M52: خبير اعمال | P52: 75678.055 | Q52: 64161.76 | R52: =Q52/P52 -> 0.84782517 | S52: 11636.388 | T52: 6215.66 | U52: 0.53415717 | V52: 23709.74 | W52: 29091.78 | X52: =W52/V52 -> 1.226997 | Y52: 6643.3944 | Z52: 115 | AA52: =Z52/Y52 -> 0.017310428 | AB52: 11 | AC52: 7 | AD52: =AC52/AB52 -> 0.63636364 | AE52: 2 | AF52: 0 | AG52: =AF52/AE52 -> 0 | AH52: 62 | AI52: 24 | AJ52: =AI52/AH52 -> 0.38709677 | AK52: 4 | AL52: 0 | AM52: =AL52/AK52 -> 0 | AN52: 5 | AO52: 3 | AP52: =AO52/AN52 -> 0.6 | AQ52: 7 | AR52: 2 | AS52: =AR52/AQ52 -> 0.28571429 | AT52: 2 | AU52: 2 | AV52: =AU52/AT52 -> 1 | AW52: 2.2148511 | AX52: 0 | AY52: =AX52/AW52 -> 0 | AZ52: 8 | BA52: 2 | BB52: =BA52/AZ52 -> 0.25
A53: 21534 | B53: 4415 | C53: 1005751506 | D53: فالح سعد احمد الهزاع | E53: Sales Agent | F53: Sales Agent | G53: XSER4506 | H53: XSER4506 | I53: Eastern & Northern | J53: Al Ahsa | K53: الاحساء ، برج العلي | L53: 73015 | M53: Non Core | P53: 90989.066 | Q53: 80101.76 | R53: =Q53/P53 -> 0.8803449 | S53: 13990.635 | T53: 14440 | U53: 1.032119 | V53: 28506.641 | W53: 16080.87 | X53: =W53/V53 -> 0.56410961 | Y53: 555.21455 | Z53: 0 | AA53: =Z53/Y53 -> 0 | AB53: 20 | AC53: 14 | AD53: =AC53/AB53 -> 0.7 | AE53: 2 | AF53: 0 | AG53: =AF53/AE53 -> 0 | AH53: 84 | AI53: 22 | AJ53: =AI53/AH53 -> 0.26190476 | AK53: 4 | AL53: 3 | AM53: =AL53/AK53 -> 0.75 | AN53: 5 | AO53: 5 | AP53: =AO53/AN53 -> 1 | AQ53: 12 | AR53: 6 | AS53: =AR53/AQ53 -> 0.5 | AT53: 5 | AU53: 1 | AV53: =AU53/AT53 -> 0.2 | AW53: 2.6629547 | AX53: 0 | AY53: =AX53/AW53 -> 0 | AZ53: 8 | BA53: 3 | BB53: =BA53/AZ53 -> 0.375
A54: 6132 | B54: 4415 | C54: 1073850503 | D54: احمد عبدالله احمد المخيزيم | E54: Sales Agent | F54: Sales Agent | G54: XSIS0657 | H54: EBU_XSIS0657 | I54: Eastern & Northern | J54: Al Ahsa | K54: الاحساء ، برج العلي | L54: 73015 | M54: استشاري مبيعات | O54: 0.4 | P54: 64547.075 | Q54: 65488.72 | R54: =Q54/P54 -> 1.0145885 | S54: 9924.8691 | T54: 10432.17 | U54: 1.0511141 | V54: 20222.433 | W54: 14799.14 | X54: =W54/V54 -> 0.73181799 | Y54: 352.30887 | Z54: 0 | AA54: =Z54/Y54 -> 0 | AB54: 9 | AC54: 11 | AD54: =AC54/AB54 -> 1.2222222 | AE54: 2 | AF54: 1 | AG54: =AF54/AE54 -> 0.5 | AH54: 42 | AI54: 23 | AJ54: =AI54/AH54 -> 0.54761905 | AK54: 2 | AL54: 1 | AM54: =AL54/AK54 -> 0.5 | AN54: 3 | AO54: 2 | AP54: =AO54/AN54 -> 0.66666667 | AQ54: 7 | AR54: 6 | AS54: =AR54/AQ54 -> 0.85714286 | AT54: 2 | AU54: 10 | AV54: =AU54/AT54 -> 5 | AW54: 1.8890834 | AX54: 1 | AY54: =AX54/AW54 -> 0.52935725 | AZ54: 5 | BA54: 2 | BB54: =BA54/AZ54 -> 0.4
A55: 410 | B55: 4415 | C55: 1044166013 | D55: محمد نايف محمد النهيان | E55: Sales Agent | F55: Sales Agent | G55: XSIS0916 | H55: EBU_XSIS0916 | I55: Eastern & Northern | J55: Al Ahsa | K55: الاحساء ، برج العلي | L55: 73015 | M55: استشاري مبيعات | O55: 0.4 | P55: 64539.192 | Q55: 109012.21 | R55: =Q55/P55 -> 1.6890855 | S55: 9923.657 | T55: 10753.04 | U55: 1.0835763 | V55: 20219.963 | W55: 7235.64 | X55: =W55/V55 -> 0.35784635 | Y55: 351.29939 | Z55: 60 | AA55: =Z55/Y55 -> 0.17079449 | AB55: 9 | AC55: 8 | AD55: =AC55/AB55 -> 0.88888889 | AE55: 2 | AF55: 2 | AG55: =AF55/AE55 -> 1 | AH55: 42 | AI55: 36 | AJ55: =AI55/AH55 -> 0.85714286 | AK55: 2 | AL55: 0 | AM55: =AL55/AK55 -> 0 | AN55: 3 | AO55: 4 | AP55: =AO55/AN55 -> 1.3333333 | AQ55: 7 | AR55: 6 | AS55: =AR55/AQ55 -> 0.85714286 | AT55: 2 | AU55: 2 | AV55: =AU55/AT55 -> 1 | AW55: 1.8888527 | AX55: 0 | AY55: =AX55/AW55 -> 0 | AZ55: 5 | BA55: 0 | BB55: =BA55/AZ55 -> 0
A56: - | B56: 19241 | C56: - | D56: Dummy | E56: Branch Manager | F56: Branch Manager | I56: Eastern & Northern | J56: Al Ahsa | K56: الجفر ، الشارع العام | L56: 73031 | P56: 379591.25 | Q56: 0 | R56: =Q56/P56 -> 0 | S56: 52363.745 | T56: 0 | U56: 0 | V56: 106693.78 | W56: 0 | X56: =W56/V56 -> 0 | Y56: 2500.9579 | Z56: 0 | AA56: =Z56/Y56 -> 0 | AB56: 70 | AC56: 0 | AD56: =AC56/AB56 -> 0 | AE56: 10 | AF56: 0 | AG56: =AF56/AE56 -> 0 | AH56: 314.3263 | AI56: 0 | AJ56: =AI56/AH56 -> 0 | AK56: 12.735855 | AL56: 0 | AM56: =AL56/AK56 -> 0 | AN56: 14.42509 | AO56: 0 | AP56: =AO56/AN56 -> 0 | AQ56: 44.805294 | AR56: 0 | AS56: =AR56/AQ56 -> 0 | AT56: 12 | AU56: 0 | AV56: =AU56/AT56 -> 0 | AW56: 11.109404 | AX56: 0 | AY56: =AX56/AW56 -> 0 | AZ56: 34 | BA56: 0 | BB56: =BA56/AZ56 -> 0
A57: 9861 | B57: 19241 | C57: 1073438556 | D57: مشعل عبدالعزيز عبدالعزيز العويشير | E57: Branch Supervisor | F57: Branch Supervisor | G57: XSIS1157 | H57: XSIS1157 | I57: Eastern & Northern | J57: Al Ahsa | K57: الجفر ، الشارع العام | L57: 73031 | P57: 379591.25 | Q57: 0 | R57: =Q57/P57 -> 0 | S57: 52363.745 | T57: 0 | U57: 0 | V57: 106693.78 | W57: 0 | X57: =W57/V57 -> 0 | Y57: 2500.9579 | Z57: 0 | AA57: =Z57/Y57 -> 0 | AB57: 70 | AC57: 0 | AD57: =AC57/AB57 -> 0 | AE57: 10 | AF57: 0 | AG57: =AF57/AE57 -> 0 | AH57: 314.3263 | AI57: 1 | AJ57: =AI57/AH57 -> 0.0031814073 | AK57: 12.735855 | AL57: 0 | AM57: =AL57/AK57 -> 0 | AN57: 14.42509 | AO57: 1 | AP57: =AO57/AN57 -> 0.069323657 | AQ57: 44.805294 | AR57: 0 | AS57: =AR57/AQ57 -> 0 | AT57: 12 | AU57: 0 | AV57: =AU57/AT57 -> 0 | AW57: 11.109404 | AX57: 0 | AY57: =AX57/AW57 -> 0 | AZ57: 34 | BA57: 0 | BB57: =BA57/AZ57 -> 0
A58: 21550 | B58: 9861 | C58: 1004603856 | D58: خالد محمد عبدالله بو بشيت | E58: Sales Agent | F58: Sales Agent | G58: XSER4241 | H58: XSER4241 | I58: Eastern & Northern | J58: Al Ahsa | K58: الجفر ، الشارع العام | L58: 73031 | M58: Non Core | P58: 72157.133 | Q58: 58121.76 | R58: =Q58/P58 -> 0.80548876 | S58: 9953.9116 | T58: 14344.34 | U58: 1.4410757 | V58: 20281.599 | W58: 11302.59 | X58: =W58/V58 -> 0.55728297 | Y58: 538.5396 | Z58: 238 | AA58: =Z58/Y58 -> 0.44193593 | AB58: 14 | AC58: 7 | AD58: =AC58/AB58 -> 0.5 | AE58: 2 | AF58: 2 | AG58: =AF58/AE58 -> 1 | AH58: 62.66526 | AI58: 36 | AJ58: =AI58/AH58 -> 0.57448098 | AK58: 2.3879727 | AL58: 0 | AM58: =AL58/AK58 -> 0 | AN58: 2.885018 | AO58: 5 | AP58: =AO58/AN58 -> 1.7330914 | AQ58: 7.168847 | AR58: 8 | AS58: =AR58/AQ58 -> 1.1159396 | AT58: 2 | AU58: 2 | AV58: =AU58/AT58 -> 1 | AW58: 2.1118051 | AX58: 0 | AY58: =AX58/AW58 -> 0 | AZ58: 10 | BA58: 0 | BB58: =BA58/AZ58 -> 0
A59: 21446 | B59: 9861 | C59: 1026683472 | D59: احمد عبدالمجيد احمد ال براهيم | E59: Sales Agent | F59: Sales Agent | G59: XSER4119 | H59: XSER4119 | I59: Eastern & Northern | J59: Al Ahsa | K59: الجفر ، الشارع العام | L59: 73031 | M59: Non Core | P59: 72157.133 | Q59: 117049.6 | R59: =Q59/P59 -> 1.6221487 | S59: 9953.9116 | T59: 10640 | U59: 1.0689265 | V59: 20281.599 | W59: 11110 | X59: =W59/V59 -> 0.54778717 | Y59: 416.82632 | Z59: 0 | AA59: =Z59/Y59 -> 0 | AB59: 14 | AC59: 21 | AD59: =AC59/AB59 -> 1.5 | AE59: 2 | AF59: 1 | AG59: =AF59/AE59 -> 0.5 | AH59: 62.66526 | AI59: 59 | AJ59: =AI59/AH59 -> 0.94151049 | AK59: 2.3879727 | AL59: 1 | AM59: =AL59/AK59 -> 0.41876525 | AN59: 2.885018 | AO59: 4 | AP59: =AO59/AN59 -> 1.3864731 | AQ59: 7.168847 | AR59: 7 | AS59: =AR59/AQ59 -> 0.97644712 | AT59: 2 | AU59: 4 | AV59: =AU59/AT59 -> 2 | AW59: 2.1118051 | AX59: 0 | AY59: =AX59/AW59 -> 0 | AZ59: 6 | BA59: 2 | BB59: =BA59/AZ59 -> 0.33333333
A60: 21511 | B60: 9861 | C60: 1003732284 | D60: محمد احمد عبدالرحمن الخليفه السيد | E60: Sales Agent | F60: Sales Agent | G60: XSER4609 | H60: XSER4609 | I60: Eastern & Northern | J60: Al Ahsa | K60: الجفر ، الشارع العام | L60: 73031 | M60: خبير سكني | P60: 63258.882 | Q60: 28393.92 | R60: =Q60/P60 -> 0.4488527 | S60: 8726.4181 | T60: 1216.52 | U60: 0.13940657 | V60: 17780.519 | W60: 7050 | X60: =W60/V60 -> 0.39650136 | Y60: 416.40949 | Z60: 0 | AA60: =Z60/Y60 -> 0 | AB60: 14 | AC60: 9 | AD60: =AC60/AB60 -> 0.64285714 | AE60: 2 | AF60: 1 | AG60: =AF60/AE60 -> 0.5 | AH60: 62.66526 | AI60: 46 | AJ60: =AI60/AH60 -> 0.73405903 | AK60: 2.3879727 | AL60: 0 | AM60: =AL60/AK60 -> 0 | AN60: 2.885018 | AO60: 4 | AP60: =AO60/AN60 -> 1.3864731 | AQ60: 13.441588 | AR60: 7 | AS60: =AR60/AQ60 -> 0.5207718 | AT60: 2 | AU60: 0 | AV60: =AU60/AT60 -> 0 | AW60: 1.8513822 | AX60: 0 | AY60: =AX60/AW60 -> 0 | AZ60: 6 | BA60: 1 | BB60: =BA60/AZ60 -> 0.16666667
A61: 5147 | B61: 9861 | C61: 1060515499 | D61: عبدالمحسن ابراهيم عبدالمحسن الملحم | E61: Sales Agent | F61: Sales Agent | G61: XSIS0418 | H61: XSIS0418 | I61: Eastern & Northern | J61: Al Ahsa | K61: الجفر ، الشارع العام | L61: 73031 | P61: 63265.208 | Q61: 63920.89 | R61: =Q61/P61 -> 1.010364 | S61: 8727.2909 | T61: 6954.78 | U61: 0.79690022 | V61: 17782.297 | W61: 16865.67 | X61: =W61/V61 -> 0.94845281 | Y61: 412.65805 | Z61: 0 | AA61: =Z61/Y61 -> 0 | AB61: 14 | AC61: 6 | AD61: =AC61/AB61 -> 0.42857143 | AE61: 2 | AF61: 0 | AG61: =AF61/AE61 -> 0 | AH61: 62.66526 | AI61: 32 | AJ61: =AI61/AH61 -> 0.51064976 | AK61: 2.3879727 | AL61: 1 | AM61: =AL61/AK61 -> 0.41876525 | AN61: 2.885018 | AO61: 1 | AP61: =AO61/AN61 -> 0.34661828 | AQ61: 5.3766352 | AR61: 7 | AS61: =AR61/AQ61 -> 1.3019295 | AT61: 2 | AU61: 2 | AV61: =AU61/AT61 -> 1 | AW61: 1.8515673 | AX61: 0 | AY61: =AX61/AW61 -> 0 | AZ61: 6 | BA61: 0 | BB61: =BA61/AZ61 -> 0
A62: 21569 | B62: 9861 | C62: 1002391686 | D62: محمد عبدالرحمن عبدالعزيز العصيل | E62: Sales Agent | F62: Sales Agent | G62: XSER4642 | H62: XSER4642 | I62: Eastern & Northern | J62: Al Ahsa | K62: الجفر ، الشارع العام | L62: 73031 | M62: استشاري مبيعات | O62: 0.4 | P62: 54408.079 | Q62: 40165.23 | R62: =Q62/P62 -> 0.7382218 | S62: 7505.4701 | T62: 10171.3 | U62: 1.3551849 | V62: 15292.776 | W62: 11019.58 | X62: =W62/V62 -> 0.72057422 | Y62: 358.47063 | Z62: 0 | AA62: =Z62/Y62 -> 0 | AB62: 7 | AC62: 12 | AD62: =AC62/AB62 -> 1.7142857 | AE62: 1 | AF62: 0 | AG62: =AF62/AE62 -> 0 | AH62: 31.83263 | AI62: 43 | AJ62: =AI62/AH62 -> 1.3508152 | AK62: 1.5919818 | AL62: 0 | AM62: =AL62/AK62 -> 0 | AN62: 1.442509 | AO62: 3 | AP62: =AO62/AN62 -> 2.0797097 | AQ62: 4.4805294 | AR62: 3 | AS62: =AR62/AQ62 -> 0.66956374 | AT62: 2 | AU62: 1 | AV62: =AU62/AT62 -> 0.5 | AW62: 1.5923479 | AX62: 0 | AY62: =AX62/AW62 -> 0 | AZ62: 3 | BA62: 3 | BB62: =BA62/AZ62 -> 1
A63: 6638 | B63: 9861 | C63: 1049989674 | D63: علي حسين عبدالله الوباري | E63: Sales Agent | F63: Sales Agent | G63: XSIS0871 | H63: XSIS0871 | I63: Eastern & Northern | J63: Al Ahsa | K63: الجفر ، الشارع العام | L63: 73031 | M63: استشاري مبيعات | O63: 0.4 | P63: 54344.814 | Q63: 33470.44 | R63: =Q63/P63 -> 0.61589023 | S63: 7496.7429 | T63: 3651.3 | U63: 0.48705152 | V63: 15274.994 | W63: 4120.4 | X63: =W63/V63 -> 0.26974807 | Y63: 358.05381 | Z63: 0 | AA63: =Z63/Y63 -> 0 | AB63: 7 | AC63: 10 | AD63: =AC63/AB63 -> 1.4285714 | AE63: 1 | AF63: 0 | AG63: =AF63/AE63 -> 0 | AH63: 31.83263 | AI63: 50 | AJ63: =AI63/AH63 -> 1.5707153 | AK63: 1.5919818 | AL63: 0 | AM63: =AL63/AK63 -> 0 | AN63: 1.442509 | AO63: 4 | AP63: =AO63/AN63 -> 2.7729463 | AQ63: 7.168847 | AR63: 1 | AS63: =AR63/AQ63 -> 0.13949245 | AT63: 2 | AU63: 2 | AV63: =AU63/AT63 -> 1 | AW63: 1.5904963 | AX63: 0 | AY63: =AX63/AW63 -> 0 | AZ63: 3 | BA63: 0 | BB63: =BA63/AZ63 -> 0
A64: 19282 | B64: 12877 | C64: 1004947477 | D64: بدر محمد مساعد التيسان | E64: Area Manager | F64: Area Manager | G64: XSER3901 | H64: XSER3901 | I64: Eastern & Northern | J64: Al Khobar | K64: Administration | L64: Admin | P64: 4669514 | Q64: 0 | R64: =Q64/P64 -> 0 | S64: 621974 | T64: 0 | U64: 0 | V64: 1257421.8 | W64: 0 | X64: =W64/V64 -> 0 | Y64: 74034 | Z64: 0 | AA64: =Z64/Y64 -> 0 | AB64: 1081 | AC64: 0 | AD64: =AC64/AB64 -> 0 | AE64: 157 | AF64: 0 | AG64: =AF64/AE64 -> 0 | AH64: 5981.2954 | AI64: 0 | AJ64: =AI64/AH64 -> 0 | AK64: 241.98124 | AL64: 0 | AM64: =AL64/AK64 -> 0 | AN64: 232.24395 | AO64: 0 | AP64: =AO64/AN64 -> 0 | AQ64: 427.4425 | AR64: 0 | AS64: =AR64/AQ64 -> 0 | AT64: 338 | AU64: 0 | AV64: =AU64/AT64 -> 0 | AW64: 136.66152 | AX64: 0 | AY64: =AX64/AW64 -> 0 | AZ64: 420 | BA64: 0 | BB64: =BA64/AZ64 -> 0
A65: 19271 | B65: 19282 | C65: 1012641120 | D65: نايف عبدالعزيز حمد الفضلي | E65: Branch Manager | F65: Branch Manager | G65: XSER3893 | H65: XSER3893 | I65: Eastern & Northern | J65: Al Khobar | K65: الفنار | L65: 3000 | P65: 747126 | Q65: 0 | R65: =Q65/P65 -> 0 | S65: 99512 | T65: 0 | U65: 0 | V65: 201221.25 | W65: 0 | X65: =W65/V65 -> 0 | Y65: 11108 | Z65: 0 | AA65: =Z65/Y65 -> 0 | AB65: 172 | AC65: 0 | AD65: =AC65/AB65 -> 0 | AE65: 27 | AF65: 0 | AG65: =AF65/AE65 -> 0 | AH65: 951.30098 | AI65: 0 | AJ65: =AI65/AH65 -> 0 | AK65: 35.819591 | AL65: 0 | AM65: =AL65/AK65 -> 0 | AN65: 38.226489 | AO65: 0 | AP65: =AO65/AN65 -> 0 | AQ65: 66.311834 | AR65: 0 | AS65: =AR65/AQ65 -> 0 | AT65: 51 | AU65: 0 | AV65: =AU65/AT65 -> 0 | AW65: 21.865953 | AX65: 0 | AY65: =AX65/AW65 -> 0 | AZ65: 70 | BA65: 0 | BB65: =BA65/AZ65 -> 0
A66: 21117 | B66: 19271 | C66: 1007820903 | D66: سعد صالح عبدالله القطري | E66: Branch Supervisor | F66: Branch Supervisor | G66: XSER4280 | H66: XSER4280 | I66: Eastern & Northern | J66: Al Khobar | K66: الفنار | L66: 3000 | P66: 381036 | Q66: 0 | R66: =Q66/P66 -> 0 | S66: 55274 | T66: 0 | U66: 0 | V66: 100734.32 | W66: 0 | X66: =W66/V66 -> 0 | Y66: 4998 | Z66: 0 | AA66: =Z66/Y66 -> 0 | AB66: 88 | AC66: 0 | AD66: =AC66/AB66 -> 0 | AE66: 14 | AF66: 0 | AG66: =AF66/AE66 -> 0 | AH66: 486.05007 | AI66: 0 | AJ66: =AI66/AH66 -> 0 | AK66: 18.307791 | AL66: 0 | AM66: =AL66/AK66 -> 0 | AN66: 19.473872 | AO66: 0 | AP66: =AO66/AN66 -> 0 | AQ66: 28.675388 | AR66: 0 | AS66: =AR66/AQ66 -> 0 | AT66: 18 | AU66: 2 | AV66: =AU66/AT66 -> 0.11111111 | AW66: 11.151687 | AX66: 0 | AY66: =AX66/AW66 -> 0 | AZ66: 36 | BA66: 0 | BB66: =BA66/AZ66 -> 0
A67: 12147 | B67: 21117 | C67: 1083311546 | D67: جهاد احمد عبدالوهاب بوعامر | E67: Sales Agent | F67: Sales Agent | G67: XSER3549 | H67: XSER3549 | I67: Eastern & Northern | J67: Al Khobar | K67: الفنار | L67: 3000 | M67: استشاري مبيعات | O67: 0.5 | P67: 72398 | Q67: 102396.54 | R67: =Q67/P67 -> 1.4143559 | S67: 10321 | T67: 0 | U67: 0 | V67: 15573.892 | W67: 41949.95 | X67: =W67/V67 -> 2.6936074 | Y67: 555 | Z67: 0 | AA67: =Z67/Y67 -> 0 | AB67: 12 | AC67: 6 | AD67: =AC67/AB67 -> 0.5 | AE67: 2 | AF67: 2 | AG67: =AF67/AE67 -> 1 | AH67: 57.531364 | AI67: 53 | AJ67: =AI67/AH67 -> 0.92123663 | AK67: 2.3879727 | AL67: 2 | AM67: =AL67/AK67 -> 0.83753051 | AN67: 2.1637635 | AO67: 6 | AP67: =AO67/AN67 -> 2.7729463 | AQ67: 3.5844235 | AR67: 3 | AS67: =AR67/AQ67 -> 0.83695468 | AT67: 2 | AU67: 9 | AV67: =AU67/AT67 -> 4.5 | AW67: 2.1188545 | AX67: 0 | AY67: =AX67/AW67 -> 0 | AZ67: 4 | BA67: 9 | BB67: =BA67/AZ67 -> 2.25
A68: 10220 | B68: 21117 | C68: 1071206393 | D68: عمار عبدالله حسين البن احمد | E68: Sales Agent | F68: Sales Agent | G68: XSER3327 | H68: EBU_XSER3327 | I68: Eastern & Northern | J68: Al Khobar | K68: الفنار | L68: 3000 | M68: Non Core | P68: 80017 | Q68: 32545.24 | R68: =Q68/P68 -> 0.40672907 | S68: 11644 | T68: 0 | U68: 0 | V68: 25146.664 | W68: 18383.06 | X68: =W68/V68 -> 0.73103373 | Y68: 444 | Z68: 0 | AA68: =Z68/Y68 -> 0 | AB68: 19 | AC68: 9 | AD68: =AC68/AB68 -> 0.47368421 | AE68: 3 | AF68: 8 | AG68: =AF68/AE68 -> 2.6666667 | AH68: 107.12968 | AI68: 54 | AJ68: =AI68/AH68 -> 0.50406201 | AK68: 3.9799545 | AL68: 2 | AM68: =AL68/AK68 -> 0.5025183 | AN68: 4.327527 | AO68: 4 | AP68: =AO68/AN68 -> 0.92431542 | AQ68: 6.2727411 | AR68: 7 | AS68: =AR68/AQ68 -> 1.1159396 | AT68: 4 | AU68: 1 | AV68: =AU68/AT68 -> 0.25 | AW68: 2.3418379 | AX68: 0 | AY68: =AX68/AW68 -> 0 | AZ68: 8 | BA68: 1 | BB68: =BA68/AZ68 -> 0.125
A69: 10438 | B69: 21117 | C69: 1068795028 | D69: احمد محمد صالح المحيفيظ | E69: Sales Agent | F69: Sales Agent | G69: XSIS1273 | H69: XSIS1273 | I69: Eastern & Northern | J69: Al Khobar | K69: الفنار | L69: 3000 | P69: 76207 | Q69: 87939.2 | R69: =Q69/P69 -> 1.1539517 | S69: 12793 | T69: 3955.65 | U69: 0 | V69: 21467.781 | W69: 19209.13 | X69: =W69/V69 -> 0.89478881 | Y69: 1222 | Z69: 0 | AA69: =Z69/Y69 -> 0 | AB69: 19 | AC69: 9 | AD69: =AC69/AB69 -> 0.47368421 | AE69: 3 | AF69: 0 | AG69: =AF69/AE69 -> 0 | AH69: 107.12968 | AI69: 95 | AJ69: =AI69/AH69 -> 0.88677576 | AK69: 3.9799545 | AL69: 2 | AM69: =AL69/AK69 -> 0.5025183 | AN69: 4.327527 | AO69: 18 | AP69: =AO69/AN69 -> 4.1594194 | AQ69: 6.2727411 | AR69: 3 | AS69: =AR69/AQ69 -> 0.47825982 | AT69: 4 | AU69: 3 | AV69: =AU69/AT69 -> 0.75 | AW69: 2.2303316 | AX69: 0 | AY69: =AX69/AW69 -> 0 | AZ69: 8 | BA69: 5 | BB69: =BA69/AZ69 -> 0.625
A70: 10435 | B70: 21117 | C70: 1066643220 | D70: حمد ابراهيم حمد المحارف | E70: Sales Agent | F70: Sales Agent | G70: XSER3333 | H70: EBU_XSER3333 | I70: Eastern & Northern | J70: Al Khobar | K70: الفنار | L70: 3000 | P70: 80017 | Q70: 35064.37 | R70: =Q70/P70 -> 0.43821151 | S70: 10847 | T70: 5172.17 | U70: 0.47682954 | V70: 21701.254 | W70: 12590.02 | X70: =W70/V70 -> 0.58015174 | Y70: 1333 | Z70: 0 | AA70: =Z70/Y70 -> 0 | AB70: 19 | AC70: 15 | AD70: =AC70/AB70 -> 0.78947368 | AE70: 3 | AF70: 1 | AG70: =AF70/AE70 -> 0.33333333 | AH70: 107.12968 | AI70: 84 | AJ70: =AI70/AH70 -> 0.78409646 | AK70: 3.9799545 | AL70: 2 | AM70: =AL70/AK70 -> 0.5025183 | AN70: 4.327527 | AO70: 1 | AP70: =AO70/AN70 -> 0.23107886 | AQ70: 6.2727411 | AR70: 1 | AS70: =AR70/AQ70 -> 0.15941994 | AT70: 4 | AU70: 3 | AV70: =AU70/AT70 -> 0.75 | AW70: 2.3418379 | AX70: 0 | AY70: =AX70/AW70 -> 0 | AZ70: 8 | BA70: 0 | BB70: =BA70/AZ70 -> 0
A71: 10619 | B71: 21117 | C71: 1071216921 | D71: طلال سعد عبيد العتيبي | E71: Sales Agent | F71: Sales Agent | G71: XSER3685 | H71: XSER3685 | I71: Eastern & Northern | J71: Al Khobar | K71: الفنار | L71: 3000 | P71: 72397 | Q71: 83406.11 | R71: =Q71/P71 -> 1.1520658 | S71: 9669 | T71: 4455.36 | U71: 0.46078809 | V71: 16844.726 | W71: 21085.1 | X71: =W71/V71 -> 1.251733 | Y71: 1444 | Z71: 0 | AA71: =Z71/Y71 -> 0 | AB71: 19 | AC71: 16 | AD71: =AC71/AB71 -> 0.84210526 | AE71: 3 | AF71: 3 | AG71: =AF71/AE71 -> 1 | AH71: 107.12968 | AI71: 74 | AJ71: =AI71/AH71 -> 0.69075164 | AK71: 3.9799545 | AL71: 5 | AM71: =AL71/AK71 -> 1.2562958 | AN71: 4.327527 | AO71: 1 | AP71: =AO71/AN71 -> 0.23107886 | AQ71: 6.2727411 | AR71: 9 | AS71: =AR71/AQ71 -> 1.4347794 | AT71: 4 | AU71: 6 | AV71: =AU71/AT71 -> 1.5 | AW71: 2.1188252 | AX71: 0 | AY71: =AX71/AW71 -> 0 | AZ71: 8 | BA71: 5 | BB71: =BA71/AZ71 -> 0.625
A72: 9944 | B72: 19271 | C72: 1077458253 | D72: ايوب مسفر حسين ال ساري | E72: Branch Supervisor | F72: Branch Supervisor | G72: XSER3192 | H72: EBU_XSER3192 | I72: Eastern & Northern | J72: Al Khobar | K72: الفنار | L72: 3000 | P72: 366090 | Q72: 0 | R72: =Q72/P72 -> 0 | S72: 44238 | T72: 0 | U72: 0 | V72: 100486.93 | W72: 0 | X72: =W72/V72 -> 0 | Y72: 6110 | Z72: 0 | AA72: =Z72/Y72 -> 0 | AB72: 84 | AC72: 0 | AD72: =AC72/AB72 -> 0 | AE72: 13 | AF72: 0 | AG72: =AF72/AE72 -> 0 | AH72: 465.25091 | AI72: 0 | AJ72: =AI72/AH72 -> 0 | AK72: 17.5118 | AL72: 0 | AM72: =AL72/AK72 -> 0 | AN72: 18.752617 | AO72: 0 | AP72: =AO72/AN72 -> 0 | AQ72: 37.636447 | AR72: 0 | AS72: =AR72/AQ72 -> 0 | AT72: 33 | AU72: 0 | AV72: =AU72/AT72 -> 0 | AW72: 10.714266 | AX72: 0 | AY72: =AX72/AW72 -> 0 | AZ72: 34 | BA72: 0 | BB72: =BA72/AZ72 -> 0
A73: 10624 | B73: 9944 | C73: 1046800189 | D73: بندر عيسى احمد الحمد | E73: Sales Agent | F73: Sales Agent | G73: XSER3635 | H73: XSER3635 | I73: Eastern & Northern | J73: Al Khobar | K73: الفنار | L73: 3000 | M73: خبير سكني | O73: 0.2 | P73: 73218 | Q73: 81303.51 | R73: =Q73/P73 -> 1.1104306 | S73: 8326 | T73: 7066.96 | U73: 0.38736728 | V73: 18641.37 | W73: 46087.87 | X73: =W73/V73 -> 2.4723435 | Y73: 1000 | Z73: 0 | AA73: =Z73/Y73 -> 0 | AB73: 16 | AC73: 16 | AD73: =AC73/AB73 -> 1 | AE73: 2 | AF73: 1 | AG73: =AF73/AE73 -> 0.5 | AH73: 87.297046 | AI73: 74 | AJ73: =AI73/AH73 -> 0.84768046 | AK73: 3.1839636 | AL73: 5 | AM73: =AL73/AK73 -> 1.5703697 | AN73: 3.6062725 | AO73: 1 | AP73: =AO73/AN73 -> 0.27729463 | AQ73: 16.129906 | AR73: 10 | AS73: =AR73/AQ73 -> 0.61996643 | AT73: 19 | AU73: 12 | AV73: =AU73/AT73 -> 0.63157895 | AW73: 2.1428532 | AX73: 0 | AY73: =AX73/AW73 -> 0 | AZ73: 6 | BA73: 4 | BB73: =BA73/AZ73 -> 0.66666667
A74: 9849 | B74: 9944 | C74: 1030960825 | D74: علي مصطفى علي الحميد | E74: Sales Agent | F74: Sales Agent | G74: XSER3456 | H74: XSER3456 | I74: Eastern & Northern | J74: Al Khobar | K74: الفنار | L74: 3000 | M74: استشاري مبيعات مكلف | O74: 0.5 | P74: 65896 | Q74: 21153.93 | R74: =Q74/P74 -> 0.32101994 | S74: 7778 | T74: 0 | U74: 0 | V74: 15377.151 | W74: 8709.57 | X74: =W74/V74 -> 0.56639685 | Y74: 555 | Z74: 0 | AA74: =Z74/Y74 -> 0 | AB74: 11 | AC74: 5 | AD74: =AC74/AB74 -> 0.45454545 | AE74: 2 | AF74: 1 | AG74: =AF74/AE74 -> 0.5 | AH74: 56.564838 | AI74: 23 | AJ74: =AI74/AH74 -> 0.40661303 | AK74: 2.3879727 | AL74: 1 | AM74: =AL74/AK74 -> 0.41876525 | AN74: 2.1637635 | AO74: 1 | AP74: =AO74/AN74 -> 0.46215771 | AQ74: 3.5844235 | AR74: 3 | AS74: =AR74/AQ74 -> 0.83695468 | AT74: 2 | AU74: 1 | AV74: =AU74/AT74 -> 0.5 | AW74: 1.9285621 | AX74: 0 | AY74: =AX74/AW74 -> 0 | AZ74: 4 | BA74: 0 | BB74: =BA74/AZ74 -> 0
A75: 9818 | B75: 9944 | C75: 1080205246 | D75: علي معتوق علي الناصر | E75: Sales Agent | F75: Sales Agent | G75: XSER3030 | H75: EBU_XSER3030 | I75: Eastern & Northern | J75: Al Khobar | K75: الفنار | L75: 3000 | M75: Non Core | P75: 80540 | Q75: 63820.02 | R75: =Q75/P75 -> 0.79240154 | S75: 8956 | T75: 6488.78 | U75: 0.58868468 | V75: 22859.781 | W75: 10492.47 | X75: =W75/V75 -> 0.45899259 | Y75: 2111 | Z75: 952 | AA75: =Z75/Y75 -> 0.4509711 | AB75: 19 | AC75: 20 | AD75: =AC75/AB75 -> 1.0526316 | AE75: 3 | AF75: 4 | AG75: =AF75/AE75 -> 1.3333333 | AH75: 107.12968 | AI75: 64 | AJ75: =AI75/AH75 -> 0.59740683 | AK75: 3.9799545 | AL75: 2 | AM75: =AL75/AK75 -> 0.5025183 | AN75: 4.327527 | AO75: 5 | AP75: =AO75/AN75 -> 1.1553943 | AQ75: 4.4805294 | AR75: 5 | AS75: =AR75/AQ75 -> 1.1159396 | AT75: 3 | AU75: 3 | AV75: =AU75/AT75 -> 1 | AW75: 2.3571444 | AX75: 0 | AY75: =AX75/AW75 -> 0 | AZ75: 8 | BA75: 3 | BB75: =BA75/AZ75 -> 0.375
A76: 12103 | B76: 9944 | C76: 1075286219 | D76: ابراهيم عباس ابراهيم القطان | E76: Sales Agent | F76: Sales Agent | G76: XSER3726 | H76: XSER3726 | I76: Eastern & Northern | J76: Al Khobar | K76: الفنار | L76: 3000 | M76: Non Core | P76: 73218 | Q76: 82001.74 | R76: =Q76/P76 -> 1.1199669 | S76: 10499 | T76: 5753.92 | U76: 0.54804458 | V76: 22866.664 | W76: 20492.64 | X76: =W76/V76 -> 0.89617968 | Y76: 1666 | Z76: 419 | AA76: =Z76/Y76 -> 0.2515006 | AB76: 19 | AC76: 15 | AD76: =AC76/AB76 -> 0.78947368 | AE76: 3 | AF76: 3 | AG76: =AF76/AE76 -> 1 | AH76: 107.12968 | AI76: 93 | AJ76: =AI76/AH76 -> 0.86810679 | AK76: 3.9799545 | AL76: 1 | AM76: =AL76/AK76 -> 0.25125915 | AN76: 4.327527 | AO76: 5 | AP76: =AO76/AN76 -> 1.1553943 | AQ76: 7.168847 | AR76: 5 | AS76: =AR76/AQ76 -> 0.69746223 | AT76: 5 | AU76: 4 | AV76: =AU76/AT76 -> 0.8 | AW76: 2.1428532 | AX76: 0 | AY76: =AX76/AW76 -> 0 | AZ76: 8 | BA76: 3 | BB76: =BA76/AZ76 -> 0.375
A77: 1265 | B77: 9944 | C77: 1053742787 | D77: محمد علي عبدالله النجيدى | E77: Sales Agent | F77: Sales Agent | G77: XSER0356 | H77: EBU_XSER0356 | I77: Eastern & Northern | J77: Al Khobar | K77: الفنار | L77: 3000 | P77: 73218 | Q77: 79425.24 | R77: =Q77/P77 -> 1.0847775 | S77: 8679 | T77: 3955.65 | U77: 0 | V77: 20741.968 | W77: 12270.81 | X77: =W77/V77 -> 0.59159334 | Y77: 778 | Z77: 0 | AA77: =Z77/Y77 -> 0 | AB77: 19 | AC77: 19 | AD77: =AC77/AB77 -> 1 | AE77: 3 | AF77: 4 | AG77: =AF77/AE77 -> 1.3333333 | AH77: 107.12968 | AI77: 45 | AJ77: =AI77/AH77 -> 0.42005167 | AK77: 3.9799545 | AL77: 1 | AM77: =AL77/AK77 -> 0.25125915 | AN77: 4.327527 | AO77: 6 | AP77: =AO77/AN77 -> 1.3864731 | AQ77: 6.2727411 | AR77: 8 | AS77: =AR77/AQ77 -> 1.2753595 | AT77: 4 | AU77: 5 | AV77: =AU77/AT77 -> 1.25 | AW77: 2.1428532 | AX77: 0 | AY77: =AX77/AW77 -> 0 | AZ77: 8 | BA77: 2 | BB77: =BA77/AZ77 -> 0.25
A78: 21708 | B78: 19282 | C78: 1020043491 | D78: عبدالله احمد عبدالله الملحم | E78: Branch Manager | F78: Branch Manager | G78: XSER4401 | H78: XSER4401 | I78: Eastern & Northern | J78: Al Khobar | K78: كورنيش الخبر | L78: 13006 | P78: 700427 | Q78: 0 | R78: =Q78/P78 -> 0 | S78: 93292 | T78: 0 | U78: 0 | V78: 188617.29 | W78: 0 | X78: =W78/V78 -> 0 | Y78: 10365 | Z78: 0 | AA78: =Z78/Y78 -> 0 | AB78: 165 | AC78: 0 | AD78: =AC78/AB78 -> 0 | AE78: 25 | AF78: 0 | AG78: =AF78/AE78 -> 0 | AH78: 894.76962 | AI78: 0 | AJ78: =AI78/AH78 -> 0 | AK78: 38.207564 | AL78: 0 | AM78: =AL78/AK78 -> 0 | AN78: 35.341471 | AO78: 0 | AP78: =AO78/AN78 -> 0 | AQ78: 64.519623 | AR78: 0 | AS78: =AR78/AQ78 -> 0 | AT78: 47 | AU78: 0 | AV78: =AU78/AT78 -> 0 | AW78: 20.499225 | AX78: 0 | AY78: =AX78/AW78 -> 0 | AZ78: 65 | BA78: 0 | BB78: =BA78/AZ78 -> 0
A79: 2862 | B79: 21708 | C79: 1060785159 | D79: محمد صالح دخيل الدخيل | E79: Branch Supervisor | F79: Branch Supervisor | G79: XSER1781 | H79: EBU_XSER1781 | I79: Eastern & Northern | J79: Al Khobar | K79: كورنيش الخبر | L79: 13006 | P79: 387438 | Q79: 0 | R79: =Q79/P79 -> 0 | S79: 50324 | T79: 0 | U79: 0 | V79: 108177.56 | W79: 0 | X79: =W79/V79 -> 0 | Y79: 7567 | Z79: 0 | AA79: =Z79/Y79 -> 0 | AB79: 96 | AC79: 0 | AD79: =AC79/AB79 -> 0 | AE79: 14 | AF79: 0 | AG79: =AF79/AE79 -> 0 | AH79: 521.78228 | AI79: 0 | AJ79: =AI79/AH79 -> 0 | AK79: 22.287745 | AL79: 0 | AM79: =AL79/AK79 -> 0 | AN79: 20.916381 | AO79: 0 | AP79: =AO79/AN79 -> 0 | AQ79: 43.013082 | AR79: 0 | AS79: =AR79/AQ79 -> 0 | AT79: 33 | AU79: 0 | AV79: =AU79/AT79 -> 0 | AW79: 11.339053 | AX79: 0 | AY79: =AX79/AW79 -> 0 | AZ79: 38 | BA79: 0 | BB79: =BA79/AZ79 -> 0
A80: 7783 | B80: 2862 | C80: 1107914770 | D80: موسى محمد علي حدادي | E80: Sales Agent | F80: Sales Agent | G80: XSMT0007 | H80: EBU_XSMT0007 | I80: Eastern & Northern | J80: Al Khobar | K80: كورنيش الخبر | L80: 13006 | M80: خبير سكني | O80: 0.2 | P80: 73613 | Q80: 37420.88 | R80: =Q80/P80 -> 0.50834608 | S80: 9001 | T80: 10858.48 | U80: 0 | V80: 22682.687 | W80: 10398.48 | X80: =W80/V80 -> 0.45843245 | Y80: 311 | Z80: 480 | AA80: =Z80/Y80 -> 1.5434084 | AB80: 18 | AC80: 5 | AD80: =AC80/AB80 -> 0.27777778 | AE80: 2 | AF80: 2 | AG80: =AF80/AE80 -> 1 | AH80: 100.16315 | AI80: 26 | AJ80: =AI80/AH80 -> 0.2595765 | AK80: 3.9799545 | AL80: 1 | AM80: =AL80/AK80 -> 0.25125915 | AN80: 4.327527 | AO80: 0 | AP80: =AO80/AN80 -> 0 | AQ80: 8.9610587 | AR80: 4 | AS80: =AR80/AQ80 -> 0.44637583 | AT80: 19 | AU80: 3 | AV80: =AU80/AT80 -> 0.15789474 | AW80: 2.1544136 | AX80: 2 | AY80: =AX80/AW80 -> 0.92832685 | AZ80: 6 | BA80: 1 | BB80: =BA80/AZ80 -> 0.16666667
A81: 3502 | B81: 2862 | C81: 1007585415 | D81: ماجد سيف سعد الدوسري | E81: Sales Agent | F81: Sales Agent | G81: XSER1653 | H81: EBU_XSER1653 | I81: Eastern & Northern | J81: Al Khobar | K81: كورنيش الخبر | L81: 13006 | M81: Non Core | P81: 85236 | Q81: 9000 | R81: =Q81/P81 -> 0.10558919 | S81: 10430 | T81: 2781.74 | U81: 0.26670566 | V81: 24445.604 | W81: 2997.39 | X81: =W81/V81 -> 0.12261468 | Y81: 829 | Z81: 320 | AA81: =Z81/Y81 -> 0.38600724 | AB81: 22 | AC81: 12 | AD81: =AC81/AB81 -> 0.54545455 | AE81: 3 | AF81: 1 | AG81: =AF81/AE81 -> 0.33333333 | AH81: 119.02925 | AI81: 20 | AJ81: =AI81/AH81 -> 0.16802592 | AK81: 5.5719364 | AL81: 0 | AM81: =AL81/AK81 -> 0 | AN81: 5.0487816 | AO81: 0 | AP81: =AO81/AN81 -> 0 | AQ81: 8.0649528 | AR81: 2 | AS81: =AR81/AQ81 -> 0.24798657 | AT81: 7 | AU81: 1 | AV81: =AU81/AT81 -> 0.14285714 | AW81: 2.4945811 | AX81: 0 | AY81: =AX81/AW81 -> 0 | AZ81: 9 | BA81: 0 | BB81: =BA81/AZ81 -> 0
A82: 5976 | B82: 2862 | C82: 1071607582 | D82: سعد محمد سعد الشمراني | E82: Sales Agent | F82: Sales Agent | G82: XSER2232 | H82: EBU_XSER2232 | I82: Eastern & Northern | J82: Al Khobar | K82: كورنيش الخبر | L82: 13006 | P82: 81362 | Q82: 0 | R82: =Q82/P82 -> 0 | S82: 12618 | T82: 0 | U82: 0 | V82: 23107.059 | W82: 0 | X82: =W82/V82 -> 0 | Y82: 726 | Z82: 0 | AA82: =Z82/Y82 -> 0 | AB82: 22 | AC82: 2 | AD82: =AC82/AB82 -> 0.090909091 | AE82: 3 | AF82: 1 | AG82: =AF82/AE82 -> 0.33333333 | AH82: 119.02925 | AI82: 0 | AJ82: =AI82/AH82 -> 0 | AK82: 5.5719364 | AL82: 0 | AM82: =AL82/AK82 -> 0 | AN82: 5.0487816 | AO82: 0 | AP82: =AO82/AN82 -> 0 | AQ82: 8.9610587 | AR82: 0 | AS82: =AR82/AQ82 -> 0 | AT82: 0 | AU82: 0 | AV82: =AU82/AT82 -> #DIV/0! | AW82: 2.3812017 | AX82: 0 | AY82: =AX82/AW82 -> 0 | AZ82: 9 | BA82: 0 | BB82: =BA82/AZ82 -> 0
A83: 21014 | B83: 2862 | C83: 1068952017 | D83: قبلان عبيد دراع العتيبي | E83: Sales Agent | F83: Sales Agent | G83: XSER4569 | H83: XSER4569 | I83: Eastern & Northern | J83: Al Khobar | K83: كورنيش الخبر | L83: 13006 | P83: 89111 | Q83: 5303.48 | R83: =Q83/P83 -> 0.059515436 | S83: 13172 | T83: 0 | U83: 0 | V83: 25505.769 | W83: 4711.31 | X83: =W83/V83 -> 0.18471546 | Y83: 933 | Z83: 0 | AA83: =Z83/Y83 -> 0 | AB83: 22 | AC83: 0 | AD83: =AC83/AB83 -> 0 | AE83: 4 | AF83: 0 | AG83: =AF83/AE83 -> 0 | AH83: 119.02925 | AI83: 3 | AJ83: =AI83/AH83 -> 0.025203888 | AK83: 5.5719364 | AL83: 0 | AM83: =AL83/AK83 -> 0 | AN83: 5.0487816 | AO83: 0 | AP83: =AO83/AN83 -> 0 | AQ83: 8.0649528 | AR83: 0 | AS83: =AR83/AQ83 -> 0 | AT83: 7 | AU83: 2 | AV83: =AU83/AT83 -> 0.28571429 | AW83: 2.6079898 | AX83: 0 | AY83: =AX83/AW83 -> 0 | AZ83: 9 | BA83: 0 | BB83: =BA83/AZ83 -> 0
A84: 21662 | B84: 2862 | C84: 1060270921 | D84: خالد حمد حسن اليامي | E84: Sales Agent | F84: Sales Agent | G84: XSER4218 | H84: XSER4218 | I84: Eastern & Northern | J84: Al Khobar | K84: كورنيش الخبر | L84: 13006 | M84: خبير اعمال | O84: 0.5 | P84: 58116 | Q84: 0 | R84: =Q84/P84 -> 0 | S84: 5103 | T84: 0 | U84: 0 | V84: 12436.438 | W84: 0 | X84: =W84/V84 -> 0 | Y84: 4768 | Z84: 120 | AA84: =Z84/Y84 -> 0.025167785 | AB84: 12 | AC84: 1 | AD84: =AC84/AB84 -> 0.083333333 | AE84: 2 | AF84: 0 | AG84: =AF84/AE84 -> 0 | AH84: 64.531364 | AI84: 0 | AJ84: =AI84/AH84 -> 0 | AK84: 1.5919818 | AL84: 0 | AM84: =AL84/AK84 -> 0 | AN84: 1.442509 | AO84: 0 | AP84: =AO84/AN84 -> 0 | AQ84: 8.9610587 | AR84: 0 | AS84: =AR84/AQ84 -> 0 | AT84: 0 | AU84: 0 | AV84: =AU84/AT84 -> #DIV/0! | AW84: 1.7008667 | AX84: 0 | AY84: =AX84/AW84 -> 0 | AZ84: 5 | BA84: 0 | BB84: =BA84/AZ84 -> 0
A85: 10652 | B85: 21708 | C85: 1073487306 | D85: محمد خالد عبدالله الرشيد | E85: Branch Supervisor | F85: Branch Supervisor | G85: XSER3353 | H85: EBU_XSER3353 | I85: Eastern & Northern | J85: Al Khobar | K85: كورنيش الخبر | L85: 13006 | P85: 312989 | Q85: 11746.96 | R85: =Q85/P85 -> 0.037531543 | S85: 42968 | T85: 0 | U85: 0 | V85: 80439.734 | W85: 0 | X85: =W85/V85 -> 0 | Y85: 2798 | Z85: 0 | AA85: =Z85/Y85 -> 0 | AB85: 69 | AC85: 0 | AD85: =AC85/AB85 -> 0 | AE85: 11 | AF85: 0 | AG85: =AF85/AE85 -> 0 | AH85: 372.98734 | AI85: 4 | AJ85: =AI85/AH85 -> 0.010724225 | AK85: 15.919818 | AL85: 0 | AM85: =AL85/AK85 -> 0 | AN85: 14.42509 | AO85: 0 | AP85: =AO85/AN85 -> 0 | AQ85: 21.506541 | AR85: 0 | AS85: =AR85/AQ85 -> 0 | AT85: 14 | AU85: 0 | AV85: =AU85/AT85 -> 0 | AW85: 9.1601723 | AX85: 0 | AY85: =AX85/AW85 -> 0 | AZ85: 27 | BA85: 0 | BB85: =BA85/AZ85 -> 0
A86: 8914 | B86: 10652 | C86: 1061804017 | D86: حسين هاشم جواد السويج | E86: Sales Agent | F86: Sales Agent | G86: XSER2746 | H86: EBU_XSER2746 | I86: Eastern & Northern | J86: Al Khobar | K86: كورنيش الخبر | L86: 13006 | M86: اجازة سنوية | N86: 5 | O86: 0.1 | P86: 75118 | Q86: 3600 | R86: =Q86/P86 -> 0.047924599 | S86: 11722 | T86: 0 | U86: 0 | V86: 20953.791 | W86: 2961.73 | X86: =W86/V86 -> 0.14134578 | Y86: 933 | Z86: 0 | AA86: =Z86/Y86 -> 0 | AB86: 18 | AC86: 2 | AD86: =AC86/AB86 -> 0.11111111 | AE86: 3 | AF86: 3 | AG86: =AF86/AE86 -> 1 | AH86: 98.196624 | AI86: 25 | AJ86: =AI86/AH86 -> 0.25459124 | AK86: 3.9799545 | AL86: 0 | AM86: =AL86/AK86 -> 0 | AN86: 3.6062725 | AO86: 3 | AP86: =AO86/AN86 -> 0.83188388 | AQ86: 3.5844235 | AR86: 2 | AS86: =AR86/AQ86 -> 0.55796979 | AT86: 7 | AU86: 0 | AV86: =AU86/AT86 -> 0 | AW86: 2.1984601 | AX86: 0 | AY86: =AX86/AW86 -> 0 | AZ86: 7 | BA86: 0 | BB86: =BA86/AZ86 -> 0
A87: 11985 | B87: 10652 | C87: 1079041156 | D87: ابراهيم خالد ابراهيم المذن | E87: Sales Agent | F87: Sales Agent | G87: XSER5560 | H87: XSER5560 | I87: Eastern & Northern | J87: Al Khobar | K87: كورنيش الخبر | L87: 13006 | P87: 84507 | Q87: 36601.75 | R87: =Q87/P87 -> 0.43312092 | S87: 7660 | T87: 781.74 | U87: 0.10205483 | V87: 19954.296 | W87: 6326.14 | X87: =W87/V87 -> 0.31703149 | Y87: 726 | Z87: 410 | AA87: =Z87/Y87 -> 0.56473829 | AB87: 20 | AC87: 23 | AD87: =AC87/AB87 -> 1.15 | AE87: 3 | AF87: 1 | AG87: =AF87/AE87 -> 0.33333333 | AH87: 108.12968 | AI87: 25 | AJ87: =AI87/AH87 -> 0.23120387 | AK87: 4.7759454 | AL87: 0 | AM87: =AL87/AK87 -> 0 | AN87: 4.327527 | AO87: 2 | AP87: =AO87/AN87 -> 0.46215771 | AQ87: 3.5844235 | AR87: 2 | AS87: =AR87/AQ87 -> 0.55796979 | AT87: 7 | AU87: 2 | AV87: =AU87/AT87 -> 0.28571429 | AW87: 2.4732456 | AX87: 1 | AY87: =AX87/AW87 -> 0.404327 | AZ87: 8 | BA87: 1 | BB87: =BA87/AZ87 -> 0.125
A88: 6112 | B88: 10652 | C88: 1055550261 | D88: محمد فارس سالم الشهري | E88: Sales Agent | F88: Sales Agent | G88: XSER5403 | H88: XSER5403 | I88: Eastern & Northern | J88: Al Khobar | K88: كورنيش الخبر | L88: 13006 | M88: Non Core | P88: 81377 | Q88: 0 | R88: =Q88/P88 -> 0 | S88: 12574 | T88: 0 | U88: 0 | V88: 22764.556 | W88: 0 | X88: =W88/V88 -> 0 | Y88: 622 | Z88: 0 | AA88: =Z88/Y88 -> 0 | AB88: 20 | AC88: 8 | AD88: =AC88/AB88 -> 0.4 | AE88: 3 | AF88: 1 | AG88: =AF88/AE88 -> 0.33333333 | AH88: 108.12968 | AI88: 0 | AJ88: =AI88/AH88 -> 0 | AK88: 4.7759454 | AL88: 0 | AM88: =AL88/AK88 -> 0 | AN88: 4.327527 | AO88: 0 | AP88: =AO88/AN88 -> 0 | AQ88: 7.168847 | AR88: 0 | AS88: =AR88/AQ88 -> 0 | AT88: 0 | AU88: 0 | AV88: =AU88/AT88 -> #DIV/0! | AW88: 2.3816407 | AX88: 0 | AY88: =AX88/AW88 -> 0 | AZ88: 8 | BA88: 0 | BB88: =BA88/AZ88 -> 0
A89: 4864 | B89: 10652 | C89: 1047589641 | D89: حسين عبدالله حسين الحصار | E89: Sales Agent | F89: Sales Agent | G89: XSER1883 | H89: EBU_XSER1883 | I89: Eastern & Northern | J89: Al Khobar | K89: كورنيش الخبر | L89: 13006 | M89: استشاري مبيعات | O89: 0.5 | P89: 71987 | Q89: 0 | R89: =Q89/P89 -> 0 | S89: 11012 | T89: 0 | U89: 0 | V89: 16767.092 | W89: 0 | X89: =W89/V89 -> 0 | Y89: 517 | Z89: 0 | AA89: =Z89/Y89 -> 0 | AB89: 11 | AC89: 4 | AD89: =AC89/AB89 -> 0.36363636 | AE89: 2 | AF89: 1 | AG89: =AF89/AE89 -> 0.5 | AH89: 58.531364 | AI89: 0 | AJ89: =AI89/AH89 -> 0 | AK89: 2.3879727 | AL89: 0 | AM89: =AL89/AK89 -> 0 | AN89: 2.1637635 | AO89: 0 | AP89: =AO89/AN89 -> 0 | AQ89: 7.168847 | AR89: 0 | AS89: =AR89/AQ89 -> 0 | AT89: 0 | AU89: 0 | AV89: =AU89/AT89 -> #DIV/0! | AW89: 2.1068259 | AX89: 0 | AY89: =AX89/AW89 -> 0 | AZ89: 4 | BA89: 0 | BB89: =BA89/AZ89 -> 0
A90: 4467 | B90: 19282 | C90: 1036828943 | D90: عبدالله عبدالمحسن عبدالله النشوان | E90: Branch Manager | F90: Branch Manager | G90: XSIS0079 | H90: EBU_XSIS0079 | I90: Eastern & Northern | J90: Al Khobar | K90: بقيق | L90: 33026 | P90: 486702 | Q90: 0 | R90: =Q90/P90 -> 0 | S90: 64780 | T90: 0 | U90: 0 | V90: 130965.82 | W90: 0 | X90: =W90/V90 -> 0 | Y90: 7712 | Z90: 0 | AA90: =Z90/Y90 -> 0 | AB90: 112 | AC90: 0 | AD90: =AC90/AB90 -> 0 | AE90: 16 | AF90: 0 | AG90: =AF90/AE90 -> 0 | AH90: 624.91195 | AI90: 0 | AJ90: =AI90/AH90 -> 0 | AK90: 27.063691 | AL90: 0 | AM90: =AL90/AK90 -> 0 | AN90: 24.522653 | AO90: 0 | AP90: =AO90/AN90 -> 0 | AQ90: 44.805294 | AR90: 0 | AS90: =AR90/AQ90 -> 0 | AT90: 35 | AU90: 0 | AV90: =AU90/AT90 -> 0 | AW90: 14.244188 | AX90: 0 | AY90: =AX90/AW90 -> 0 | AZ90: 44 | BA90: 0 | BB90: =BA90/AZ90 -> 0
A91: 5980 | B91: 4467 | C91: 1047496268 | D91: سعد صالح سعد الفرج | E91: Branch Supervisor | F91: Branch Supervisor | G91: XSER2399 | H91: EBU_XSER2399 | I91: Eastern & Northern | J91: Al Khobar | K91: بقيق | L91: 33026 | P91: 252529 | Q91: 0 | R91: =Q91/P91 -> 0 | S91: 29024 | T91: 0 | U91: 0 | V91: 58621.096 | W91: 0 | X91: =W91/V91 -> 0 | Y91: 2931 | Z91: 0 | AA91: =Z91/Y91 -> 0 | AB91: 52 | AC91: 3 | AD91: =AC91/AB91 -> 0.057692308 | AE91: 7 | AF91: 1 | AG91: =AF91/AE91 -> 0.14285714 | AH91: 291.62335 | AI91: 0 | AJ91: =AI91/AH91 -> 0 | AK91: 12.735855 | AL91: 0 | AM91: =AL91/AK91 -> 0 | AN91: 11.540072 | AO91: 2 | AP91: =AO91/AN91 -> 0.17330914 | AQ91: 26.883176 | AR91: 0 | AS91: =AR91/AQ91 -> 0 | AT91: 25 | AU91: 0 | AV91: =AU91/AT91 -> 0 | AW91: 7.3907043 | AX91: 0 | AY91: =AX91/AW91 -> 0 | AZ91: 20 | BA91: 0 | BB91: =BA91/AZ91 -> 0
A92: 9858 | B92: 5980 | C92: 1067759249 | D92: جاسم محمد ابراهيم البريه | E92: Sales Agent | F92: Sales Agent | G92: XSER3455 | H92: XSER3455 | I92: Eastern & Northern | J92: Al Khobar | K92: بقيق | L92: 33026 | M92: خبير سكني | O92: 0.2 | P92: 69449 | Q92: 71283.54 | R92: =Q92/P92 -> 1.0264156 | S92: 9544 | T92: 10432.17 | U92: 1.0930606 | V92: 18564.869 | W92: 21247.83 | X92: =W92/V92 -> 1.1445182 | Y92: 1003 | Z92: 0 | AA92: =Z92/Y92 -> 0 | AB92: 16 | AC92: 9 | AD92: =AC92/AB92 -> 0.5625 | AE92: 2 | AF92: 0 | AG92: =AF92/AE92 -> 0 | AH92: 90.263572 | AI92: 70 | AJ92: =AI92/AH92 -> 0.77550664 | AK92: 3.9799545 | AL92: 5 | AM92: =AL92/AK92 -> 1.2562958 | AN92: 3.6062725 | AO92: 5 | AP92: =AO92/AN92 -> 1.3864731 | AQ92: 4.4805294 | AR92: 1 | AS92: =AR92/AQ92 -> 0.22318791 | AT92: 18 | AU92: 7 | AV92: =AU92/AT92 -> 0.38888889 | AW92: 2.0325468 | AX92: 0 | AY92: =AX92/AW92 -> 0 | AZ92: 6 | BA92: 0 | BB92: =BA92/AZ92 -> 0
A93: 10223 | B93: 5980 | C93: 1080909599 | D93: عبدالرحمن عادل عبدالرحمن الأحمد | E93: Sales Agent | F93: Sales Agent | G93: XSIS1231 | H93: XSIS1231 | I93: Eastern & Northern | J93: Al Khobar | K93: بقيق | L93: 33026 | M93: خبير سكني | O93: 0.2 | P93: 88146 | Q93: 57704.37 | R93: =Q93/P93 -> 0.65464536 | S93: 9385 | T93: 10432.17 | U93: 1.1115791 | V93: 17701.651 | W93: 21238.72 | X93: =W93/V93 -> 1.1998158 | Y93: 925 | Z93: 0 | AA93: =Z93/Y93 -> 0 | AB93: 16 | AC93: 6 | AD93: =AC93/AB93 -> 0.375 | AE93: 2 | AF93: 0 | AG93: =AF93/AE93 -> 0 | AH93: 90.263572 | AI93: 92 | AJ93: =AI93/AH93 -> 1.0192373 | AK93: 3.9799545 | AL93: 5 | AM93: =AL93/AK93 -> 1.2562958 | AN93: 3.6062725 | AO93: 8 | AP93: =AO93/AN93 -> 2.218357 | AQ93: 16.129906 | AR93: 4 | AS93: =AR93/AQ93 -> 0.24798657 | AT93: 3 | AU93: 0 | AV93: =AU93/AT93 -> 0 | AW93: 2.5797474 | AX93: 0 | AY93: =AX93/AW93 -> 0 | AZ93: 6 | BA93: 3 | BB93: =BA93/AZ93 -> 0.5
A94: 33583 | B94: 5980 | C94: 1092529856 | D94: منصور علي محمد الهاجري | E94: Sales Agent | F94: Sales Agent | G94: XSER5548 | H94: XSER5548 | I94: Eastern & Northern | J94: Al Khobar | K94: بقيق | L94: 33026 | M94: Non Core | P94: 94934 | Q94: 71786.12 | R94: =Q94/P94 -> 0.75616871 | S94: 10095 | T94: 3651.3 | U94: 0.36169391 | V94: 22354.577 | W94: 14051.74 | X94: =W94/V94 -> 0.62858448 | Y94: 1003 | Z94: 0 | AA94: =Z94/Y94 -> 0 | AB94: 20 | AC94: 7 | AD94: =AC94/AB94 -> 0.35 | AE94: 3 | AF94: 2 | AG94: =AF94/AE94 -> 0.66666667 | AH94: 111.0962 | AI94: 57 | AJ94: =AI94/AH94 -> 0.51306884 | AK94: 4.7759454 | AL94: 3 | AM94: =AL94/AK94 -> 0.62814788 | AN94: 4.327527 | AO94: 4 | AP94: =AO94/AN94 -> 0.92431542 | AQ94: 6.2727411 | AR94: 7 | AS94: =AR94/AQ94 -> 1.1159396 | AT94: 4 | AU94: 2 | AV94: =AU94/AT94 -> 0.5 | AW94: 2.7784101 | AX94: 0 | AY94: =AX94/AW94 -> 0 | AZ94: 8 | BA94: 2 | BB94: =BA94/AZ94 -> 0.25
A95: 3206 | B95: 4467 | C95: 1013725229 | D95: علي حسن عبدالله الفضل | E95: Branch Supervisor | F95: Branch Supervisor | G95: XSER1697 | H95: EBU_XSER1697 | I95: Eastern & Northern | J95: Al Khobar | K95: بقيق | L95: 33026 | P95: 234173 | Q95: 0 | R95: =Q95/P95 -> 0 | S95: 35756 | T95: 0 | U95: 0 | V95: 72344.727 | W95: 0 | X95: =W95/V95 -> 0 | Y95: 4781 | Z95: 0 | AA95: =Z95/Y95 -> 0 | AB95: 60 | AC95: 0 | AD95: =AC95/AB95 -> 0 | AE95: 9 | AF95: 0 | AG95: =AF95/AE95 -> 0 | AH95: 333.28861 | AI95: 0 | AJ95: =AI95/AH95 -> 0 | AK95: 14.327836 | AL95: 0 | AM95: =AL95/AK95 -> 0 | AN95: 12.982581 | AO95: 1 | AP95: =AO95/AN95 -> 0.077026285 | AQ95: 17.922117 | AR95: 0 | AS95: =AR95/AQ95 -> 0 | AT95: 10 | AU95: 0 | AV95: =AU95/AT95 -> 0 | AW95: 6.8534837 | AX95: 0 | AY95: =AX95/AW95 -> 0 | AZ95: 24 | BA95: 0 | BB95: =BA95/AZ95 -> 0
A96: 21436 | B96: 3206 | C96: 1021516545 | D96: محمد شرار شحيبان العتيبي | E96: Sales Agent | F96: Sales Agent | G96: XSER4633 | H96: XSER4633 | I96: Eastern & Northern | J96: Al Khobar | K96: بقيق | L96: 33026 | P96: 63559 | Q96: 47053.94 | R96: =Q96/P96 -> 0.74031907 | S96: 8925 | T96: 10693.04 | U96: 1.1980997 | V96: 22023.276 | W96: 4152.17 | X96: =W96/V96 -> 0.18853553 | Y96: 1157 | Z96: 0 | AA96: =Z96/Y96 -> 0 | AB96: 20 | AC96: 5 | AD96: =AC96/AB96 -> 0.25 | AE96: 3 | AF96: 2 | AG96: =AF96/AE96 -> 0.66666667 | AH96: 111.0962 | AI96: 84 | AJ96: =AI96/AH96 -> 0.75610145 | AK96: 4.7759454 | AL96: 1 | AM96: =AL96/AK96 -> 0.20938263 | AN96: 4.327527 | AO96: 10 | AP96: =AO96/AN96 -> 2.3107886 | AQ96: 7.168847 | AR96: 2 | AS96: =AR96/AQ96 -> 0.27898489 | AT96: 4 | AU96: 2 | AV96: =AU96/AT96 -> 0.5 | AW96: 1.8601657 | AX96: 0 | AY96: =AX96/AW96 -> 0 | AZ96: 8 | BA96: 3 | BB96: =BA96/AZ96 -> 0.375
A97: 476 | B97: 3206 | C97: 1018368926 | D97: عبدالرحمن ابراهيم راشد العجيان | E97: Sales Agent | F97: Sales Agent | G97: XSER0425 | H97: EBU_XSER0425 | I97: Eastern & Northern | J97: Al Khobar | K97: بقيق | L97: 33026 | M97: Non Core | P97: 109880 | Q97: 100880.05 | R97: =Q97/P97 -> 0.91809292 | S97: 13635 | T97: 12693.04 | U97: 0.93091602 | V97: 25923.164 | W97: 12964.77 | X97: =W97/V97 -> 0.50012298 | Y97: 771 | Z97: 0 | AA97: =Z97/Y97 -> 0 | AB97: 20 | AC97: 3 | AD97: =AC97/AB97 -> 0.15 | AE97: 3 | AF97: 3 | AG97: =AF97/AE97 -> 1 | AH97: 111.0962 | AI97: 73 | AJ97: =AI97/AH97 -> 0.65708817 | AK97: 4.7759454 | AL97: 4 | AM97: =AL97/AK97 -> 0.83753051 | AN97: 4.327527 | AO97: 4 | AP97: =AO97/AN97 -> 0.92431542 | AQ97: 7.168847 | AR97: 1 | AS97: =AR97/AQ97 -> 0.13949245 | AT97: 4 | AU97: 5 | AV97: =AU97/AT97 -> 1.25 | AW97: 3.215831 | AX97: 0 | AY97: =AX97/AW97 -> 0 | AZ97: 8 | BA97: 6 | BB97: =BA97/AZ97 -> 0.75
A98: 10653 | B98: 3206 | C98: 1049638594 | D98: عبدالرحمن فهد أحمد بوعركه | E98: Sales Agent | F98: Sales Agent | G98: XSER3354 | H98: EBU_XSER3354 | I98: Eastern & Northern | J98: Al Khobar | K98: بقيق | L98: 33026 | P98: 60734 | Q98: 43379.16 | R98: =Q98/P98 -> 0.71424836 | S98: 13196 | T98: 0 | U98: 0 | V98: 24398.287 | W98: 4263.9 | X98: =W98/V98 -> 0.17476227 | Y98: 2853 | Z98: 0 | AA98: =Z98/Y98 -> 0 | AB98: 20 | AC98: 5 | AD98: =AC98/AB98 -> 0.25 | AE98: 3 | AF98: 1 | AG98: =AF98/AE98 -> 0.33333333 | AH98: 111.0962 | AI98: 66 | AJ98: =AI98/AH98 -> 0.59407971 | AK98: 4.7759454 | AL98: 4 | AM98: =AL98/AK98 -> 0.83753051 | AN98: 4.327527 | AO98: 6 | AP98: =AO98/AN98 -> 1.3864731 | AQ98: 3.5844235 | AR98: 1 | AS98: =AR98/AQ98 -> 0.27898489 | AT98: 2 | AU98: 4 | AV98: =AU98/AT98 -> 2 | AW98: 1.7774871 | AX98: 0 | AY98: =AX98/AW98 -> 0 | AZ98: 8 | BA98: 4 | BB98: =BA98/AZ98 -> 0.5
A99: - | B99: 19282 | C99: - | D99: Dummy | E99: Branch Manager | F99: Branch Manager | G99: 0 | H99: 0 | I99: Eastern & Northern | J99: Al Khobar | K99: مجمع ارامكو | L99: 73006 | P99: 121407 | Q99: 0 | R99: =Q99/P99 -> 0 | S99: 16172 | T99: 0 | U99: 0 | V99: 32693.256 | W99: 0 | X99: =W99/V99 -> 0 | Y99: 1925 | Z99: 0 | AA99: =Z99/Y99 -> 0 | AB99: 27 | AC99: 0 | AD99: =AC99/AB99 -> 0 | AE99: 3 | AF99: 0 | AG99: =AF99/AE99 -> 0 | AH99: 156.72799 | AI99: 0 | AJ99: =AI99/AH99 -> 0 | AK99: 6.3679273 | AL99: 0 | AM99: =AL99/AK99 -> 0 | AN99: 6.4912906 | AO99: 0 | AP99: =AO99/AN99 -> 0 | AQ99: 10.75327 | AR99: 0 | AS99: =AR99/AQ99 -> 0 | AT99: 27 | AU99: 0 | AV99: =AU99/AT99 -> 0 | AW99: 3.5531889 | AX99: 0 | AY99: =AX99/AW99 -> 0 | AZ99: 11 | BA99: 0 | BB99: =BA99/AZ99 -> 0
A100: 8667 | B100: 19282 | C100: 1041913144 | D100: نوف ظافر سعيد الهاجري | E100: Branch Supervisor | F100: Branch Manager | G100: XSER2724 | H100: EBU_XSER2724 | I100: Eastern & Northern | J100: Al Khobar | K100: مجمع ارامكو | L100: 73006 | P100: 121407 | Q100: 0 | R100: =Q100/P100 -> 0 | S100: 16172 | T100: 0 | U100: 0 | V100: 32693.256 | W100: 0 | X100: =W100/V100 -> 0 | Y100: 1925 | Z100: 0 | AA100: =Z100/Y100 -> 0 | AB100: 27 | AC100: 0 | AD100: =AC100/AB100 -> 0 | AE100: 3 | AF100: 0 | AG100: =AF100/AE100 -> 0 | AH100: 156.72799 | AI100: 0 | AJ100: =AI100/AH100 -> 0 | AK100: 6.3679273 | AL100: 0 | AM100: =AL100/AK100 -> 0 | AN100: 6.4912906 | AO100: 0 | AP100: =AO100/AN100 -> 0 | AQ100: 10.75327 | AR100: 0 | AS100: =AR100/AQ100 -> 0 | AT100: 27 | AU100: 0 | AV100: =AU100/AT100 -> 0 | AW100: 3.5531889 | AX100: 0 | AY100: =AX100/AW100 -> 0 | AZ100: 11 | BA100: 0 | BB100: =BA100/AZ100 -> 0
...

Sheet الربط
B1: User | C1: EMP National ID | E1: EMP National ID | F1: Area | G1: Branch Code | J1: L3_UPDATED_SPF_PRODUCT | K1: ربط | M1: L5_PRODUCT_SUB_CATEGORY | N1: ربط
B2: XSER4803 | C2: 1003976691 | E2: 1003976691 | F2: Al Ahsa | G2: 73008 | J2: IOS Handset | K2: iphone | M2: Jawwy ONP SIM | N2: Jawwy
B3: XSER4083 | C3: 1042534501 | E3: 1042534501 | F3: Al Ahsa | G3: 73008 | J3: Personal Devices | K3: Non Core | M3: Jawwy Pre-Provision SIM | N3: Jawwy
B4: EBU_XSER2199 | C4: 1003756218 | E4: 1003756218 | F4: Al Ahsa | G4: 73008 | J4: IOS Accessories | K4: Non Core | M4: SAWA Packages ONP | N4: PP Voice
B5: XSER3765 | C5: 1071323115 | E5: 1071323115 | F5: Al Ahsa | G5: 73008 | J5: Broadband | K5: Non Core | M5: Prepaid Voice ONP SIM | N5: PP Voice
B6: XSER4272 | C6: 1022527145 | E6: 1022527145 | F6: Al Ahsa | G6: 73008 | J6: Device Protection - Services | K6: Non Core | M6: Prepaid Voice ONP eSIM | N6: PP Voice
B7: XSER4425 | C7: 1029116793 | E7: 1029116793 | F7: Al Ahsa | G7: 73008 | J7: Gaming | K7: Non Core | M7: Prepaid Data ONP SIM | N7: PP Data
B8: XSIS0926 | C8: 1032278804 | E8: 1032278804 | F8: Al Ahsa | G8: 73008 | J8: Android Growth Accessories | K8: Non Core | M8: Device Protection | N8: Device Protection
B9: XSER4914 | C9: 1007110701 | E9: 1007110701 | F9: Al Ahsa | G9: 73008 | J9: B2C IoT | K9: Non Core
B10: XSER5307 | C10: 1004517817 | E10: 1004517817 | F10: Al Ahsa | G10: 73008 | J10: Home Appliances | K10: Non Core
B11: XSER4185 | C11: 1010783049 | E11: 1010783049 | F11: Al Ahsa | G11: 73008 | J11: Home Device | K11: Non Core
B12: XSER4444 | C12: 1003289889 | E12: 1003289889 | F12: Al Ahsa | G12: 73008 | J12: Android Samsung Accessories | K12: Non Core
B13: XSER4134 | C13: 1015192337 | E13: 1015192337 | F13: Al Ahsa | G13: 73008 | J13: Android Samsung | K13: non iphone
B14: XSMT0245 | C14: 1079132765 | E14: 1079132765 | F14: Al Ahsa | G14: 73008 | J14: Android Growth | K14: non iphone
B15: XSIS0419 | C15: 1007760216 | E15: 1007760216 | F15: Al Ahsa | G15: 73008
B16: XSER4561 | C16: 1034255511 | E16: 1034255511 | F16: Al Ahsa | G16: 73009
B17: XSER4753 | C17: 1049683111 | E17: 1049683111 | F17: Al Ahsa | G17: 73009
B18: XSER4399 | C18: 1031797200 | E18: 1031797200 | F18: Al Ahsa | G18: 73009
B19: XSER4528 | C19: 1010803540 | E19: 1010803540 | F19: Al Ahsa | G19: 73009
B20: XSER5295 | C20: 1002553905 | E20: 1002553905 | F20: Al Ahsa | G20: 73009
B21: EBU_XSIS0427 | C21: 1068470671 | E21: 1068470671 | F21: Al Ahsa | G21: 73009
B22: XSER4054 | C22: 1027399235 | E22: 1027399235 | F22: Al Ahsa | G22: 73009
B23: XSER4327 | C23: 1005302656 | E23: 1005302656 | F23: Al Ahsa | G23: 73009
B24: EBU_XSIS1159 | C24: 1077552790 | E24: 1077552790 | F24: Al Ahsa | G24: 73009
B25: XSER4690 | C25: 1004938344 | E25: 1004938344 | F25: Al Ahsa | G25: 73009
B26: XSMT0384 | C26: 1019831138 | E26: 1019831138 | F26: Al Ahsa | G26: 73009
... B339: EBU_XSIS1173 | C339: 1076380581 | E339: 1076380581 | F339: Dammam | G339: 13012
B340: XSER4803 | C340: 1003976691
B341: XSER4083 | C341: 1042534501
B342: EBU_XSER2199 | C342: 1003756218
B343: XSER3765 | C343: 1071323115
B344: XSER4272 | C344: 1022527145
B345: XSER4425 | C345: 1029116793
B346: XSIS0926 | C346: 1032278804
B347: XSER4914 | C347: 1007110701
B348: XSER5307 | C348: 1004517817
B349: XSER4185 | C349: 1010783049
B350: XSER4444 | C350: 1003289889
B351: XSER4134 | C351: 1015192337
... B677: EBU_XSIS1173 | C677: 1076380581

Sheet PVT
A1: EMP National ID | B1: EMP Name | C1: Position | D1: Position United | E1: CBU User | F1: EBU User | G1: Region | H1: Area | I1: Branch Name | J1: Branch Code | K1: iPhone branch | L1: NoniPhone branch | M1: Non Core Branch | N1: MRC | O1: PS voice | P1: PS Data | Q1: PP Voice branch | R1: PP Data branch | S1: Jawwy branch | T1: FWA branch | U1: FTTH branch | V1: trade in | W1: Device Protection QTY
A2: 1065738914 | B2: خالد عبدالرحمن عبدالله الملحم | C2: Professional area sales manager | D2: Professional area sales manager | E2: 0 | F2: 0 | G2: Eastern & Northern | H2: Al Ahsa | I2: Administration | J2: Admin | K2: =VLOOKUP(A:A,'staff sales'!C:Q,15,) -> 0 | L2: =VLOOKUP(A:A,'staff sales'!C:T,18,) -> 0 | M2: =VLOOKUP(A:A,'staff sales'!C:W,21,) -> 0 | N2: =VLOOKUP(A:A,'staff sales'!C:Z,24,) -> 0 | O2: =VLOOKUP(A:A,'staff sales'!C:AC,27,) -> 0 | P2: =VLOOKUP(A:A,'staff sales'!C:AF,30,) -> 0 | Q2: =VLOOKUP(A:A,'staff sales'!C:AI,33,) -> 0 | R2: =VLOOKUP(A:A,'staff sales'!C:AL,36,) -> 0 | S2: =VLOOKUP(A:A,'staff sales'!C:AO,39,) -> 0 | T2: =VLOOKUP(A:A,'staff sales'!C:AR,42,) -> 0 | U2: =VLOOKUP(A:A,'staff sales'!C:AU,45,) -> 0 | V2: =VLOOKUP(A:A,'staff sales'!C:AX,48,) -> 0 | W2: =VLOOKUP(A:A,'staff sales'!C:BA,51,) -> 0
A3: 1025872167 | B3: عصام ابراهيم عبدالله الباش | C3: Branch Manager | D3: Branch Manager | E3: XSER4462 | F3: XSER4462 | G3: Eastern & Northern | H3: Al Ahsa | I3: المبرز ، بنده | J3: 73008 | K3: =VLOOKUP(A:A,'staff sales'!C:Q,15,) -> 0 | L3: =VLOOKUP(A:A,'staff sales'!C:T,18,) -> 0 | M3: =VLOOKUP(A:A,'staff sales'!C:W,21,) -> 0 | N3: =VLOOKUP(A:A,'staff sales'!C:Z,24,) -> 0 | O3: =VLOOKUP(A:A,'staff sales'!C:AC,27,) -> 1 | P3: =VLOOKUP(A:A,'staff sales'!C:AF,30,) -> 0 | Q3: =VLOOKUP(A:A,'staff sales'!C:AI,33,) -> 0 | R3: =VLOOKUP(A:A,'staff sales'!C:AL,36,) -> 0 | S3: =VLOOKUP(A:A,'staff sales'!C:AO,39,) -> 0 | T3: =VLOOKUP(A:A,'staff sales'!C:AR,42,) -> 0 | U3: =VLOOKUP(A:A,'staff sales'!C:AU,45,) -> 0 | V3: =VLOOKUP(A:A,'staff sales'!C:AX,48,) -> 0 | W3: =VLOOKUP(A:A,'staff sales'!C:BA,51,) -> 0
A4: 1025891985 | B4: فاضل طاهر حسين الحمد | C4: Branch Supervisor | D4: Branch Supervisor | E4: XSIS0915 | F4: EBU_XSIS0915 | G4: Eastern & Northern | H4: Al Ahsa | I4: المبرز ، بنده | J4: 73008 | K4: =VLOOKUP(A:A,'staff sales'!C:Q,15,) -> 0 | L4: =VLOOKUP(A:A,'staff sales'!C:T,18,) -> 0 | M4: =VLOOKUP(A:A,'staff sales'!C:W,21,) -> 0 | N4: =VLOOKUP(A:A,'staff sales'!C:Z,24,) -> 0 | O4: =VLOOKUP(A:A,'staff sales'!C:AC,27,) -> 0 | P4: =VLOOKUP(A:A,'staff sales'!C:AF,30,) -> 0 | Q4: =VLOOKUP(A:A,'staff sales'!C:AI,33,) -> 0 | R4: =VLOOKUP(A:A,'staff sales'!C:AL,36,) -> 0 | S4: =VLOOKUP(A:A,'staff sales'!C:AO,39,) -> 3 | T4: =VLOOKUP(A:A,'staff sales'!C:AR,42,) -> 0 | U4: =VLOOKUP(A:A,'staff sales'!C:AU,45,) -> 0 | V4: =VLOOKUP(A:A,'staff sales'!C:AX,48,) -> 0 | W4: =VLOOKUP(A:A,'staff sales'!C:BA,51,) -> 0
A5: 1003976691 | B5: وائل يوسف صالح العلي | C5: Sales Agent | D5: Sales Agent | E5: XSER4803 | F5: XSER4803 | G5: Eastern & Northern | H5: Al Ahsa | I5: المبرز ، بنده | J5: 73008 | K5: =VLOOKUP(A:A,'staff sales'!C:Q,15,) -> 94836.56 | L5: =VLOOKUP(A:A,'staff sales'!C:T,18,) -> 833.91 | M5: =VLOOKUP(A:A,'staff sales'!C:W,21,) -> 9850 | N5: =VLOOKUP(A:A,'staff sales'!C:Z,24,) -> 400 | O5: =VLOOKUP(A:A,'staff sales'!C:AC,27,) -> 19 | P5: =VLOOKUP(A:A,'staff sales'!C:AF,30,) -> 1 | Q5: =VLOOKUP(A:A,'staff sales'!C:AI,33,) -> 40 | R5: =VLOOKUP(A:A,'staff sales'!C:AL,36,) -> 2 | S5: =VLOOKUP(A:A,'staff sales'!C:AO,39,) -> 4 | T5: =VLOOKUP(A:A,'staff sales'!C:AR,42,) -> 7 | U5: =VLOOKUP(A:A,'staff sales'!C:AU,45,) -> 7 | V5: =VLOOKUP(A:A,'staff sales'!C:AX,48,) -> 0 | W5: =VLOOKUP(A:A,'staff sales'!C:BA,51,) -> 0
A6: 1042534501 | B6: احمد عبدالله محمد الحوطي | C6: Sales Agent | D6: Sales Agent | E6: XSER4083 | F6: XSER4083 | G6: Eastern & Northern | H6: Al Ahsa | I6: المبرز ، بنده | J6: 73008 | K6: =VLOOKUP(A:A,'staff sales'!C:Q,15,) -> 57546.11 | L6: =VLOOKUP(A:A,'staff sales'!C:T,18,) -> 3225.22 | M6: =VLOOKUP(A:A,'staff sales'!C:W,21,) -> 7555.55 | N6: =VLOOKUP(A:A,'staff sales'!C:Z,24,) -> 1920 | O6: =VLOOKUP(A:A,'staff sales'!C:AC,27,) -> 5 | P6: =VLOOKUP(A:A,'staff sales'!C:AF,30,) -> 0 | Q6: =VLOOKUP(A:A,'staff sales'!C:AI,33,) -> 69 | R6: =VLOOKUP(A:A,'staff sales'!C:AL,36,) -> 5 | S6: =VLOOKUP(A:A,'staff sales'!C:AO,39,) -> 0 | T6: =VLOOKUP(A:A,'staff sales'!C:AR,42,) -> 2 | U6: =VLOOKUP(A:A,'staff sales'!C:AU,45,) -> 2 | V6: =VLOOKUP(A:A,'staff sales'!C:AX,48,) -> 0 | W6: =VLOOKUP(A:A,'staff sales'!C:BA,51,) -> 3
A7: 1003756218 | B7: سعد فهد الحميدي الراجح | C7: Sales Agent | D7: Sales Agent | E7: XSER2199 | F7: EBU_XSER2199 | G7: Eastern & Northern | H7: Al Ahsa | I7: المبرز ، بنده | J7: 73008 | K7: =VLOOKUP(A:A,'staff sales'!C:Q,15,) -> 73024.38 | L7: =VLOOKUP(A:A,'staff sales'!C:T,18,) -> 20986.95 | M7: =VLOOKUP(A:A,'staff sales'!C:W,21,) -> 15895.18 | N7: =VLOOKUP(A:A,'staff sales'!C:Z,24,) -> 0 | O7: =VLOOKUP(A:A,'staff sales'!C:AC,27,) -> 12 | P7: =VLOOKUP(A:A,'staff sales'!C:AF,30,) -> 1 | Q7: =VLOOKUP(A:A,'staff sales'!C:AI,33,) -> 80 | R7: =VLOOKUP(A:A,'staff sales'!C:AL,36,) -> 1 | S7: =VLOOKUP(A:A,'staff sales'!C:AO,39,) -> 3 | T7: =VLOOKUP(A:A,'staff sales'!C:AR,42,) -> 3 | U7: =VLOOKUP(A:A,'staff sales'!C:AU,45,) -> 4 | V7: =VLOOKUP(A:A,'staff sales'!C:AX,48,) -> 0 | W7: =VLOOKUP(A:A,'staff sales'!C:BA,51,) -> 2
A8: 1071323115 | B8: سعد محسن مبارك المهري | C8: Sales Agent | D8: Sales Agent | E8: XSER3765 | F8: XSER3765 | G8: Eastern & Northern | H8: Al Ahsa | I8: المبرز ، بنده | J8: 73008 | K8: =VLOOKUP(A:A,'staff sales'!C:Q,15,) -> 62919.15 | L8: =VLOOKUP(A:A,'staff sales'!C:T,18,) -> 34612.86 | M8: =VLOOKUP(A:A,'staff sales'!C:W,21,) -> 14731.52 | N8: =VLOOKUP(A:A,'staff sales'!C:Z,24,) -> 200 | O8: =VLOOKUP(A:A,'staff sales'!C:AC,27,) -> 8 | P8: =VLOOKUP(A:A,'staff sales'!C:AF,30,) -> 2 | Q8: =VLOOKUP(A:A,'staff sales'!C:AI,33,) -> 43 | R8: =VLOOKUP(A:A,'staff sales'!C:AL,36,) -> 4 | S8: =VLOOKUP(A:A,'staff sales'!C:AO,39,) -> 4 | T8: =VLOOKUP(A:A,'staff sales'!C:AR,42,) -> 4 | U8: =VLOOKUP(A:A,'staff sales'!C:AU,45,) -> 4 | V8: =VLOOKUP(A:A,'staff sales'!C:AX,48,) -> 0 | W8: =VLOOKUP(A:A,'staff sales'!C:BA,51,) -> 2
A9: 1022527145 | B9: سالم ناجي سالم الدوسري | C9: Sales Agent | D9: Sales Agent | E9: XSER4272 | F9: XSER4272 | G9: Eastern & Northern | H9: Al Ahsa | I9: المبرز ، بنده | J9: 73008 | K9: =VLOOKUP(A:A,'staff sales'!C:Q,15,) -> 84491.35 | L9: =VLOOKUP(A:A,'staff sales'!C:T,18,) -> 12388.71 | M9: =VLOOKUP(A:A,'staff sales'!C:W,21,) -> 31023.1 | N9: =VLOOKUP(A:A,'staff sales'!C:Z,24,) -> 1853 | O9: =VLOOKUP(A:A,'staff sales'!C:AC,27,) -> 17 | P9: =VLOOKUP(A:A,'staff sales'!C:AF,30,) -> 3 | Q9: =VLOOKUP(A:A,'staff sales'!C:AI,33,) -> 40 | R9: =VLOOKUP(A:A,'staff sales'!C:AL,36,) -> 3 | S9: =VLOOKUP(A:A,'staff sales'!C:AO,39,) -> 2 | T9: =VLOOKUP(A:A,'staff sales'!C:AR,42,) -> 6 | U9: =VLOOKUP(A:A,'staff sales'!C:AU,45,) -> 2 | V9: =VLOOKUP(A:A,'staff sales'!C:AX,48,) -> 0 | W9: =VLOOKUP(A:A,'staff sales'!C:BA,51,) -> 0
A10: 1029116793 | B10: عبدالله عبدالعزيز علي الزين | C10: Sales Agent | D10: Sales Agent | E10: XSER4425 | F10: XSER4425 | G10: Eastern & Northern | H10: Al Ahsa | I10: المبرز ، بنده | J10: 73008 | K10: =VLOOKUP(A:A,'staff sales'!C:Q,15,) -> 70807.86 | L10: =VLOOKUP(A:A,'staff sales'!C:T,18,) -> 17273.05 | M10: =VLOOKUP(A:A,'staff sales'!C:W,21,) -> 15497.84 | N10: =VLOOKUP(A:A,'staff sales'!C:Z,24,) -> 0 | O10: =VLOOKUP(A:A,'staff sales'!C:AC,27,) -> 8 | P10: =VLOOKUP(A:A,'staff sales'!C:AF,30,) -> 1 | Q10: =VLOOKUP(A:A,'staff sales'!C:AI,33,) -> 46 | R10: =VLOOKUP(A:A,'staff sales'!C:AL,36,) -> 2 | S10: =VLOOKUP(A:A,'staff sales'!C:AO,39,) -> 3 | T10: =VLOOKUP(A:A,'staff sales'!C:AR,42,) -> 7 | U10: =VLOOKUP(A:A,'staff sales'!C:AU,45,) -> 7 | V10: =VLOOKUP(A:A,'staff sales'!C:AX,48,) -> 0 | W10: =VLOOKUP(A:A,'staff sales'!C:BA,51,) -> 0
A11: 1032278804 | B11: منصور نايف فهد السعدون | C11: Sales Agent | D11: Sales Agent | E11: XSIS0926 | F11: XSIS0926 | G11: Eastern & Northern | H11: Al Ahsa | I11: المبرز ، بنده | J11: 73008 | K11: =VLOOKUP(A:A,'staff sales'!C:Q,15,) -> 13039.14 | L11: =VLOOKUP(A:A,'staff sales'!C:T,18,) -> 0 | M11: =VLOOKUP(A:A,'staff sales'!C:W,21,) -> 753.04 | N11: =VLOOKUP(A:A,'staff sales'!C:Z,24,) -> 0 | O11: =VLOOKUP(A:A,'staff sales'!C:AC,27,) -> 0 | P11: =VLOOKUP(A:A,'staff sales'!C:AF,30,) -> 0 | Q11: =VLOOKUP(A:A,'staff sales'!C:AI,33,) -> 0 | R11: =VLOOKUP(A:A,'staff sales'!C:AL,36,) -> 0 | S11: =VLOOKUP(A:A,'staff sales'!C:AO,39,) -> 0 | T11: =VLOOKUP(A:A,'staff sales'!C:AR,42,) -> 0 | U11: =VLOOKUP(A:A,'staff sales'!C:AU,45,) -> 0 | V11: =VLOOKUP(A:A,'staff sales'!C:AX,48,) -> 0 | W11: =VLOOKUP(A:A,'staff sales'!C:BA,51,) -> 0
A12: 1007110701 | B12: يوسف محمد علي البوحسن | C12: Sales Agent | D12: Sales Agent | E12: XSER4914 | F12: XSER4914 | G12: Eastern & Northern | H12: Al Ahsa | I12: المبرز ، بنده | J12: 73008 | K12: =VLOOKUP(A:A,'staff sales'!C:Q,15,) -> 108374.82 | L12: =VLOOKUP(A:A,'staff sales'!C:T,18,) -> 14427.84 | M12: =VLOOKUP(A:A,'staff sales'!C:W,21,) -> 27441.31 | N12: =VLOOKUP(A:A,'staff sales'!C:Z,24,) -> 120 | O12: =VLOOKUP(A:A,'staff sales'!C:AC,27,) -> 20 | P12: =VLOOKUP(A:A,'staff sales'!C:AF,30,) -> 2 | Q12: =VLOOKUP(A:A,'staff sales'!C:AI,33,) -> 49 | R12: =VLOOKUP(A:A,'staff sales'!C:AL,36,) -> 4 | S12: =VLOOKUP(A:A,'staff sales'!C:AO,39,) -> 3 | T12: =VLOOKUP(A:A,'staff sales'!C:AR,42,) -> 8 | U12: =VLOOKUP(A:A,'staff sales'!C:AU,45,) -> 8 | V12: =VLOOKUP(A:A,'staff sales'!C:AX,48,) -> 0 | W12: =VLOOKUP(A:A,'staff sales'!C:BA,51,) -> 4
A13: 1004517817 | B13: حيدر طاهر محمد العليو | C13: Sales Agent | D13: Sales Agent | E13: XSER5307 | F13: XSER5307 | G13: Eastern & Northern | H13: Al Ahsa | I13: المبرز ، بنده | J13: 73008 | K13: =VLOOKUP(A:A,'staff sales'!C:Q,15,) -> 90890.45 | L13: =VLOOKUP(A:A,'staff sales'!C:T,18,) -> 12388.71 | M13: =VLOOKUP(A:A,'staff sales'!C:W,21,) -> 9813.92 | N13: =VLOOKUP(A:A,'staff sales'!C:Z,24,) -> 0 | O13: =VLOOKUP(A:A,'staff sales'!C:AC,27,) -> 11 | P13: =VLOOKUP(A:A,'staff sales'!C:AF,30,) -> 1 | Q13: =VLOOKUP(A:A,'staff sales'!C:AI,33,) -> 43 | R13: =VLOOKUP(A:A,'staff sales'!C:AL,36,) -> 0 | S13: =VLOOKUP(A:A,'staff sales'!C:AO,39,) -> 2 | T13: =VLOOKUP(A:A,'staff sales'!C:AR,42,) -> 4 | U13: =VLOOKUP(A:A,'staff sales'!C:AU,45,) -> 3 | V13: =VLOOKUP(A:A,'staff sales'!C:AX,48,) -> 0 | W13: =VLOOKUP(A:A,'staff sales'!C:BA,51,) -> 1
A14: 1010783049 | B14: حزام عبدالهادي راشد المري | C14: Sales Agent | D14: Sales Agent | E14: XSER4185 | F14: XSER4185 | G14: Eastern & Northern | H14: Al Ahsa | I14: المبرز ، بنده | J14: 73008 | K14: =VLOOKUP(A:A,'staff sales'!C:Q,15,) -> 66910.44 | L14: =VLOOKUP(A:A,'staff sales'!C:T,18,) -> 16604.34 | M14: =VLOOKUP(A:A,'staff sales'!C:W,21,) -> 24159.17 | N14: =VLOOKUP(A:A,'staff sales'!C:Z,24,) -> 0 | O14: =VLOOKUP(A:A,'staff sales'!C:AC,27,) -> 15 | P14: =VLOOKUP(A:A,'staff sales'!C:AF,30,) -> 2 | Q14: =VLOOKUP(A:A,'staff sales'!C:AI,33,) -> 41 | R14: =VLOOKUP(A:A,'staff sales'!C:AL,36,) -> 7 | S14: =VLOOKUP(A:A,'staff sales'!C:AO,39,) -> 4 | T14: =VLOOKUP(A:A,'staff sales'!C:AR,42,) -> 4 | U14: =VLOOKUP(A:A,'staff sales'!C:AU,45,) -> 1 | V14: =VLOOKUP(A:A,'staff sales'!C:AX,48,) -> 0 | W14: =VLOOKUP(A:A,'staff sales'!C:BA,51,) -> 2
... A54: 1044166013 | B54: محمد نايف محمد النهيان | C54: Sales Agent | D54: Sales Agent | E54: XSIS0916 | F54: EBU_XSIS0916 | G54: Eastern & Northern | H54: Al Ahsa | I54: الاحساء ، برج العلي | J54: 73015 | K54: =VLOOKUP(A:A,'staff sales'!C:Q,15,) -> 109012.21 | L54: =VLOOKUP(A:A,'staff sales'!C:T,18,) -> 10753.04 | M54: =VLOOKUP(A:A,'staff sales'!C:W,21,) -> 7235.64 | N54: =VLOOKUP(A:A,'staff sales'!C:Z,24,) -> 60 | O54: =VLOOKUP(A:A,'staff sales'!C:AC,27,) -> 8 | P54: =VLOOKUP(A:A,'staff sales'!C:AF,30,) -> 2 | Q54: =VLOOKUP(A:A,'staff sales'!C:AI,33,) -> 36 | R54: =VLOOKUP(A:A,'staff sales'!C:AL,36,) -> 0 | S54: =VLOOKUP(A:A,'staff sales'!C:AO,39,) -> 4 | T54: =VLOOKUP(A:A,'staff sales'!C:AR,42,) -> 6 | U54: =VLOOKUP(A:A,'staff sales'!C:AU,45,) -> 2 | V54: =VLOOKUP(A:A,'staff sales'!C:AX,48,) -> 0 | W54: =VLOOKUP(A:A,'staff sales'!C:BA,51,) -> 0
A55: - | B55: Dummy | C55: Branch Manager | D55: Branch Manager | G55: Eastern & Northern | H55: Al Ahsa | I55: الجفر ، الشارع العام | J55: 73031 | K55: =VLOOKUP(A:A,'staff sales'!C:Q,15,) -> 0 | L55: =VLOOKUP(A:A,'staff sales'!C:T,18,) -> 0 | M55: =VLOOKUP(A:A,'staff sales'!C:W,21,) -> 0 | N55: =VLOOKUP(A:A,'staff sales'!C:Z,24,) -> 0 | O55: =VLOOKUP(A:A,'staff sales'!C:AC,27,) -> 0 | P55: =VLOOKUP(A:A,'staff sales'!C:AF,30,) -> 0 | Q55: =VLOOKUP(A:A,'staff sales'!C:AI,33,) -> 0 | R55: =VLOOKUP(A:A,'staff sales'!C:AL,36,) -> 0 | S55: =VLOOKUP(A:A,'staff sales'!C:AO,39,) -> 0 | T55: =VLOOKUP(A:A,'staff sales'!C:AR,42,) -> 0 | U55: =VLOOKUP(A:A,'staff sales'!C:AU,45,) -> 0 | V55: =VLOOKUP(A:A,'staff sales'!C:AX,48,) -> 0 | W55: =VLOOKUP(A:A,'staff sales'!C:BA,51,) -> 0
A56: 1073438556 | B56: مشعل عبدالعزيز عبدالعزيز العويشير | C56: Branch Supervisor | D56: Branch Supervisor | E56: XSIS1157 | F56: XSIS1157 | G56: Eastern & Northern | H56: Al Ahsa | I56: الجفر ، الشارع العام | J56: 73031 | K56: =VLOOKUP(A:A,'staff sales'!C:Q,15,) -> 0 | L56: =VLOOKUP(A:A,'staff sales'!C:T,18,) -> 0 | M56: =VLOOKUP(A:A,'staff sales'!C:W,21,) -> 0 | N56: =VLOOKUP(A:A,'staff sales'!C:Z,24,) -> 0 | O56: =VLOOKUP(A:A,'staff sales'!C:AC,27,) -> 0 | P56: =VLOOKUP(A:A,'staff sales'!C:AF,30,) -> 0 | Q56: =VLOOKUP(A:A,'staff sales'!C:AI,33,) -> 1 | R56: =VLOOKUP(A:A,'staff sales'!C:AL,36,) -> 0 | S56: =VLOOKUP(A:A,'staff sales'!C:AO,39,) -> 1 | T56: =VLOOKUP(A:A,'staff sales'!C:AR,42,) -> 0 | U56: =VLOOKUP(A:A,'staff sales'!C:AU,45,) -> 0 | V56: =VLOOKUP(A:A,'staff sales'!C:AX,48,) -> 0 | W56: =VLOOKUP(A:A,'staff sales'!C:BA,51,) -> 0
A57: 1004603856 | B57: خالد محمد عبدالله بو بشيت | C57: Sales Agent | D57: Sales Agent | E57: XSER4241 | F57: XSER4241 | G57: Eastern & Northern | H57: Al Ahsa | I57: الجفر ، الشارع العام | J57: 73031 | K57: =VLOOKUP(A:A,'staff sales'!C:Q,15,) -> 58121.76 | L57: =VLOOKUP(A:A,'staff sales'!C:T,18,) -> 14344.34 | M57: =VLOOKUP(A:A,'staff sales'!C:W,21,) -> 11302.59 | N57: =VLOOKUP(A:A,'staff sales'!C:Z,24,) -> 238 | O57: =VLOOKUP(A:A,'staff sales'!C:AC,27,) -> 7 | P57: =VLOOKUP(A:A,'staff sales'!C:AF,30,) -> 2 | Q57: =VLOOKUP(A:A,'staff sales'!C:AI,33,) -> 36 | R57: =VLOOKUP(A:A,'staff sales'!C:AL,36,) -> 0 | S57: =VLOOKUP(A:A,'staff sales'!C:AO,39,) -> 5 | T57: =VLOOKUP(A:A,'staff sales'!C:AR,42,) -> 8 | U57: =VLOOKUP(A:A,'staff sales'!C:AU,45,) -> 2 | V57: =VLOOKUP(A:A,'staff sales'!C:AX,48,) -> 0 | W57: =VLOOKUP(A:A,'staff sales'!C:BA,51,) -> 0
A58: 1026683472 | B58: احمد عبدالمجيد احمد ال براهيم | C58: Sales Agent | D58: Sales Agent | E58: XSER4119 | F58: XSER4119 | G58: Eastern & Northern | H58: Al Ahsa | I58: الجفر ، الشارع العام | J58: 73031 | K58: =VLOOKUP(A:A,'staff sales'!C:Q,15,) -> 117049.6 | L58: =VLOOKUP(A:A,'staff sales'!C:T,18,) -> 10640 | M58: =VLOOKUP(A:A,'staff sales'!C:W,21,) -> 11110 | N58: =VLOOKUP(A:A,'staff sales'!C:Z,24,) -> 0 | O58: =VLOOKUP(A:A,'staff sales'!C:AC,27,) -> 21 | P58: =VLOOKUP(A:A,'staff sales'!C:AF,30,) -> 1 | Q58: =VLOOKUP(A:A,'staff sales'!C:AI,33,) -> 59 | R58: =VLOOKUP(A:A,'staff sales'!C:AL,36,) -> 1 | S58: =VLOOKUP(A:A,'staff sales'!C:AO,39,) -> 4 | T58: =VLOOKUP(A:A,'staff sales'!C:AR,42,) -> 7 | U58: =VLOOKUP(A:A,'staff sales'!C:AU,45,) -> 4 | V58: =VLOOKUP(A:A,'staff sales'!C:AX,48,) -> 0 | W58: =VLOOKUP(A:A,'staff sales'!C:BA,51,) -> 2
A59: 1003732284 | B59: محمد احمد عبدالرحمن الخليفه السيد | C59: Sales Agent | D59: Sales Agent | E59: XSER4609 | F59: XSER4609 | G59: Eastern & Northern | H59: Al Ahsa | I59: الجفر ، الشارع العام | J59: 73031 | K59: =VLOOKUP(A:A,'staff sales'!C:Q,15,) -> 28393.92 | L59: =VLOOKUP(A:A,'staff sales'!C:T,18,) -> 1216.52 | M59: =VLOOKUP(A:A,'staff sales'!C:W,21,) -> 7050 | N59: =VLOOKUP(A:A,'staff sales'!C:Z,24,) -> 0 | O59: =VLOOKUP(A:A,'staff sales'!C:AC,27,) -> 9 | P59: =VLOOKUP(A:A,'staff sales'!C:AF,30,) -> 1 | Q59: =VLOOKUP(A:A,'staff sales'!C:AI,33,) -> 46 | R59: =VLOOKUP(A:A,'staff sales'!C:AL,36,) -> 0 | S59: =VLOOKUP(A:A,'staff sales'!C:AO,39,) -> 4 | T59: =VLOOKUP(A:A,'staff sales'!C:AR,42,) -> 7 | U59: =VLOOKUP(A:A,'staff sales'!C:AU,45,) -> 0 | V59: =VLOOKUP(A:A,'staff sales'!C:AX,48,) -> 0 | W59: =VLOOKUP(A:A,'staff sales'!C:BA,51,) -> 1
A60: 1060515499 | B60: عبدالمحسن ابراهيم عبدالمحسن الملحم | C60: Sales Agent | D60: Sales Agent | E60: XSIS0418 | F60: XSIS0418 | G60: Eastern & Northern | H60: Al Ahsa | I60: الجفر ، الشارع العام | J60: 73031 | K60: =VLOOKUP(A:A,'staff sales'!C:Q,15,) -> 63920.89 | L60: =VLOOKUP(A:A,'staff sales'!C:T,18,) -> 6954.78 | M60: =VLOOKUP(A:A,'staff sales'!C:W,21,) -> 16865.67 | N60: =VLOOKUP(A:A,'staff sales'!C:Z,24,) -> 0 | O60: =VLOOKUP(A:A,'staff sales'!C:AC,27,) -> 6 | P60: =VLOOKUP(A:A,'staff sales'!C:AF,30,) -> 0 | Q60: =VLOOKUP(A:A,'staff sales'!C:AI,33,) -> 32 | R60: =VLOOKUP(A:A,'staff sales'!C:AL,36,) -> 1 | S60: =VLOOKUP(A:A,'staff sales'!C:AO,39,) -> 1 | T60: =VLOOKUP(A:A,'staff sales'!C:AR,42,) -> 7 | U60: =VLOOKUP(A:A,'staff sales'!C:AU,45,) -> 2 | V60: =VLOOKUP(A:A,'staff sales'!C:AX,48,) -> 0 | W60: =VLOOKUP(A:A,'staff sales'!C:BA,51,) -> 0
A61: 1002391686 | B61: محمد عبدالرحمن عبدالعزيز العصيل | C61: Sales Agent | D61: Sales Agent | E61: XSER4642 | F61: XSER4642 | G61: Eastern & Northern | H61: Al Ahsa | I61: الجفر ، الشارع العام | J61: 73031 | K61: =VLOOKUP(A:A,'staff sales'!C:Q,15,) -> 40165.23 | L61: =VLOOKUP(A:A,'staff sales'!C:T,18,) -> 10171.3 | M61: =VLOOKUP(A:A,'staff sales'!C:W,21,) -> 11019.58 | N61: =VLOOKUP(A:A,'staff sales'!C:Z,24,) -> 0 | O61: =VLOOKUP(A:A,'staff sales'!C:AC,27,) -> 12 | P61: =VLOOKUP(A:A,'staff sales'!C:AF,30,) -> 0 | Q61: =VLOOKUP(A:A,'staff sales'!C:AI,33,) -> 43 | R61: =VLOOKUP(A:A,'staff sales'!C:AL,36,) -> 0 | S61: =VLOOKUP(A:A,'staff sales'!C:AO,39,) -> 3 | T61: =VLOOKUP(A:A,'staff sales'!C:AR,42,) -> 3 | U61: =VLOOKUP(A:A,'staff sales'!C:AU,45,) -> 1 | V61: =VLOOKUP(A:A,'staff sales'!C:AX,48,) -> 0 | W61: =VLOOKUP(A:A,'staff sales'!C:BA,51,) -> 3
A62: 1049989674 | B62: علي حسين عبدالله الوباري | C62: Sales Agent | D62: Sales Agent | E62: XSIS0871 | F62: XSIS0871 | G62: Eastern & Northern | H62: Al Ahsa | I62: الجفر ، الشارع العام | J62: 73031 | K62: =VLOOKUP(A:A,'staff sales'!C:Q,15,) -> 33470.44 | L62: =VLOOKUP(A:A,'staff sales'!C:T,18,) -> 3651.3 | M62: =VLOOKUP(A:A,'staff sales'!C:W,21,) -> 4120.4 | N62: =VLOOKUP(A:A,'staff sales'!C:Z,24,) -> 0 | O62: =VLOOKUP(A:A,'staff sales'!C:AC,27,) -> 10 | P62: =VLOOKUP(A:A,'staff sales'!C:AF,30,) -> 0 | Q62: =VLOOKUP(A:A,'staff sales'!C:AI,33,) -> 50 | R62: =VLOOKUP(A:A,'staff sales'!C:AL,36,) -> 0 | S62: =VLOOKUP(A:A,'staff sales'!C:AO,39,) -> 4 | T62: =VLOOKUP(A:A,'staff sales'!C:AR,42,) -> 1 | U62: =VLOOKUP(A:A,'staff sales'!C:AU,45,) -> 2 | V62: =VLOOKUP(A:A,'staff sales'!C:AX,48,) -> 0 | W62: =VLOOKUP(A:A,'staff sales'!C:BA,51,) -> 0
A63: 1004947477 | B63: بدر محمد مساعد التيسان | C63: Area Manager | D63: Area Manager | E63: XSER3901 | F63: XSER3901 | G63: Eastern & Northern | H63: Al Khobar | I63: Administration | J63: Admin | K63: =VLOOKUP(A:A,'staff sales'!C:Q,15,) -> 0 | L63: =VLOOKUP(A:A,'staff sales'!C:T,18,) -> 0 | M63: =VLOOKUP(A:A,'staff sales'!C:W,21,) -> 0 | N63: =VLOOKUP(A:A,'staff sales'!C:Z,24,) -> 0 | O63: =VLOOKUP(A:A,'staff sales'!C:AC,27,) -> 0 | P63: =VLOOKUP(A:A,'staff sales'!C:AF,30,) -> 0 | Q63: =VLOOKUP(A:A,'staff sales'!C:AI,33,) -> 0 | R63: =VLOOKUP(A:A,'staff sales'!C:AL,36,) -> 0 | S63: =VLOOKUP(A:A,'staff sales'!C:AO,39,) -> 0 | T63: =VLOOKUP(A:A,'staff sales'!C:AR,42,) -> 0 | U63: =VLOOKUP(A:A,'staff sales'!C:AU,45,) -> 0 | V63: =VLOOKUP(A:A,'staff sales'!C:AX,48,) -> 0 | W63: =VLOOKUP(A:A,'staff sales'!C:BA,51,) -> 0
A64: 1012641120 | B64: نايف عبدالعزيز حمد الفضلي | C64: Branch Manager | D64: Branch Manager | E64: XSER3893 | F64: XSER3893 | G64: Eastern & Northern | H64: Al Khobar | I64: الفنار | J64: 3000 | K64: =VLOOKUP(A:A,'staff sales'!C:Q,15,) -> 0 | L64: =VLOOKUP(A:A,'staff sales'!C:T,18,) -> 0 | M64: =VLOOKUP(A:A,'staff sales'!C:W,21,) -> 0 | N64: =VLOOKUP(A:A,'staff sales'!C:Z,24,) -> 0 | O64: =VLOOKUP(A:A,'staff sales'!C:AC,27,) -> 0 | P64: =VLOOKUP(A:A,'staff sales'!C:AF,30,) -> 0 | Q64: =VLOOKUP(A:A,'staff sales'!C:AI,33,) -> 0 | R64: =VLOOKUP(A:A,'staff sales'!C:AL,36,) -> 0 | S64: =VLOOKUP(A:A,'staff sales'!C:AO,39,) -> 0 | T64: =VLOOKUP(A:A,'staff sales'!C:AR,42,) -> 0 | U64: =VLOOKUP(A:A,'staff sales'!C:AU,45,) -> 0 | V64: =VLOOKUP(A:A,'staff sales'!C:AX,48,) -> 0 | W64: =VLOOKUP(A:A,'staff sales'!C:BA,51,) -> 0
A65: 1007820903 | B65: سعد صالح عبدالله القطري | C65: Branch Supervisor | D65: Branch Supervisor | E65: XSER4280 | F65: XSER4280 | G65: Eastern & Northern | H65: Al Khobar | I65: الفنار | J65: 3000 | K65: =VLOOKUP(A:A,'staff sales'!C:Q,15,) -> 0 | L65: =VLOOKUP(A:A,'staff sales'!C:T,18,) -> 0 | M65: =VLOOKUP(A:A,'staff sales'!C:W,21,) -> 0 | N65: =VLOOKUP(A:A,'staff sales'!C:Z,24,) -> 0 | O65: =VLOOKUP(A:A,'staff sales'!C:AC,27,) -> 0 | P65: =VLOOKUP(A:A,'staff sales'!C:AF,30,) -> 0 | Q65: =VLOOKUP(A:A,'staff sales'!C:AI,33,) -> 0 | R65: =VLOOKUP(A:A,'staff sales'!C:AL,36,) -> 0 | S65: =VLOOKUP(A:A,'staff sales'!C:AO,39,) -> 0 | T65: =VLOOKUP(A:A,'staff sales'!C:AR,42,) -> 0 | U65: =VLOOKUP(A:A,'staff sales'!C:AU,45,) -> 2 | V65: =VLOOKUP(A:A,'staff sales'!C:AX,48,) -> 0 | W65: =VLOOKUP(A:A,'staff sales'!C:BA,51,) -> 0
A66: 1083311546 | B66: جهاد احمد عبدالوهاب بوعامر | C66: Sales Agent | D66: Sales Agent | E66: XSER3549 | F66: XSER3549 | G66: Eastern & Northern | H66: Al Khobar | I66: الفنار | J66: 3000 | K66: =VLOOKUP(A:A,'staff sales'!C:Q,15,) -> 102396.54 | L66: =VLOOKUP(A:A,'staff sales'!C:T,18,) -> 0 | M66: =VLOOKUP(A:A,'staff sales'!C:W,21,) -> 41949.95 | N66: =VLOOKUP(A:A,'staff sales'!C:Z,24,) -> 0 | O66: =VLOOKUP(A:A,'staff sales'!C:AC,27,) -> 6 | P66: =VLOOKUP(A:A,'staff sales'!C:AF,30,) -> 2 | Q66: =VLOOKUP(A:A,'staff sales'!C:AI,33,) -> 53 | R66: =VLOOKUP(A:A,'staff sales'!C:AL,36,) -> 2 | S66: =VLOOKUP(A:A,'staff sales'!C:AO,39,) -> 6 | T66: =VLOOKUP(A:A,'staff sales'!C:AR,42,) -> 3 | U66: =VLOOKUP(A:A,'staff sales'!C:AU,45,) -> 9 | V66: =VLOOKUP(A:A,'staff sales'!C:AX,48,) -> 0 | W66: =VLOOKUP(A:A,'staff sales'!C:BA,51,) -> 9
A67: 1071206393 | B67: عمار عبدالله حسين البن احمد | C67: Sales Agent | D67: Sales Agent | E67: XSER3327 | F67: EBU_XSER3327 | G67: Eastern & Northern | H67: Al Khobar | I67: الفنار | J67: 3000 | K67: =VLOOKUP(A:A,'staff sales'!C:Q,15,) -> 32545.24 | L67: =VLOOKUP(A:A,'staff sales'!C:T,18,) -> 0 | M67: =VLOOKUP(A:A,'staff sales'!C:W,21,) -> 18383.06 | N67: =VLOOKUP(A:A,'staff sales'!C:Z,24,) -> 0 | O67: =VLOOKUP(A:A,'staff sales'!C:AC,27,) -> 9 | P67: =VLOOKUP(A:A,'staff sales'!C:AF,30,) -> 8 | Q67: =VLOOKUP(A:A,'staff sales'!C:AI,33,) -> 54 | R67: =VLOOKUP(A:A,'staff sales'!C:AL,36,) -> 2 | S67: =VLOOKUP(A:A,'staff sales'!C:AO,39,) -> 4 | T67: =VLOOKUP(A:A,'staff sales'!C:AR,42,) -> 7 | U67: =VLOOKUP(A:A,'staff sales'!C:AU,45,) -> 1 | V67: =VLOOKUP(A:A,'staff sales'!C:AX,48,) -> 0 | W67: =VLOOKUP(A:A,'staff sales'!C:BA,51,) -> 1
A68: 1068795028 | B68: احمد محمد صالح المحيفيظ | C68: Sales Agent | D68: Sales Agent | E68: XSIS1273 | F68: XSIS1273 | G68: Eastern & Northern | H68: Al Khobar | I68: الفنار | J68: 3000 | K68: =VLOOKUP(A:A,'staff sales'!C:Q,15,) -> 87939.2 | L68: =VLOOKUP(A:A,'staff sales'!C:T,18,) -> 3955.65 | M68: =VLOOKUP(A:A,'staff sales'!C:W,21,) -> 19209.13 | N68: =VLOOKUP(A:A,'staff sales'!C:Z,24,) -> 0 | O68: =VLOOKUP(A:A,'staff sales'!C:AC,27,) -> 9 | P68: =VLOOKUP(A:A,'staff sales'!C:AF,30,) -> 0 | Q68: =VLOOKUP(A:A,'staff sales'!C:AI,33,) -> 95 | R68: =VLOOKUP(A:A,'staff sales'!C:AL,36,) -> 2 | S68: =VLOOKUP(A:A,'staff sales'!C:AO,39,) -> 18 | T68: =VLOOKUP(A:A,'staff sales'!C:AR,42,) -> 3 | U68: =VLOOKUP(A:A,'staff sales'!C:AU,45,) -> 3 | V68: =VLOOKUP(A:A,'staff sales'!C:AX,48,) -> 0 | W68: =VLOOKUP(A:A,'staff sales'!C:BA,51,) -> 5
A69: 1066643220 | B69: حمد ابراهيم حمد المحارف | C69: Sales Agent | D69: Sales Agent | E69: XSER3333 | F69: EBU_XSER3333 | G69: Eastern & Northern | H69: Al Khobar | I69: الفنار | J69: 3000 | K69: =VLOOKUP(A:A,'staff sales'!C:Q,15,) -> 35064.37 | L69: =VLOOKUP(A:A,'staff sales'!C:T,18,) -> 5172.17 | M69: =VLOOKUP(A:A,'staff sales'!C:W,21,) -> 12590.02 | N69: =VLOOKUP(A:A,'staff sales'!C:Z,24,) -> 0 | O69: =VLOOKUP(A:A,'staff sales'!C:AC,27,) -> 15 | P69: =VLOOKUP(A:A,'staff sales'!C:AF,30,) -> 1 | Q69: =VLOOKUP(A:A,'staff sales'!C:AI,33,) -> 84 | R69: =VLOOKUP(A:A,'staff sales'!C:AL,36,) -> 2 | S69: =VLOOKUP(A:A,'staff sales'!C:AO,39,) -> 1 | T69: =VLOOKUP(A:A,'staff sales'!C:AR,42,) -> 1 | U69: =VLOOKUP(A:A,'staff sales'!C:AU,45,) -> 3 | V69: =VLOOKUP(A:A,'staff sales'!C:AX,48,) -> 0 | W69: =VLOOKUP(A:A,'staff sales'!C:BA,51,) -> 0
A70: 1071216921 | B70: طلال سعد عبيد العتيبي | C70: Sales Agent | D70: Sales Agent | E70: XSER3685 | F70: XSER3685 | G70: Eastern & Northern | H70: Al Khobar | I70: الفنار | J70: 3000 | K70: =VLOOKUP(A:A,'staff sales'!C:Q,15,) -> 83406.11 | L70: =VLOOKUP(A:A,'staff sales'!C:T,18,) -> 4455.36 | M70: =VLOOKUP(A:A,'staff sales'!C:W,21,) -> 21085.1 | N70: =VLOOKUP(A:A,'staff sales'!C:Z,24,) -> 0 | O70: =VLOOKUP(A:A,'staff sales'!C:AC,27,) -> 16 | P70: =VLOOKUP(A:A,'staff sales'!C:AF,30,) -> 3 | Q70: =VLOOKUP(A:A,'staff sales'!C:AI,33,) -> 74 | R70: =VLOOKUP(A:A,'staff sales'!C:AL,36,) -> 5 | S70: =VLOOKUP(A:A,'staff sales'!C:AO,39,) -> 1 | T70: =VLOOKUP(A:A,'staff sales'!C:AR,42,) -> 9 | U70: =VLOOKUP(A:A,'staff sales'!C:AU,45,) -> 6 | V70: =VLOOKUP(A:A,'staff sales'!C:AX,48,) -> 0 | W70: =VLOOKUP(A:A,'staff sales'!C:BA,51,) -> 5
A71: 1077458253 | B71: ايوب مسفر حسين ال ساري | C71: Branch Supervisor | D71: Branch Supervisor | E71: XSER3192 | F71: EBU_XSER3192 | G71: Eastern & Northern | H71: Al Khobar | I71: الفنار | J71: 3000 | K71: =VLOOKUP(A:A,'staff sales'!C:Q,15,) -> 0 | L71: =VLOOKUP(A:A,'staff sales'!C:T,18,) -> 0 | M71: =VLOOKUP(A:A,'staff sales'!C:W,21,) -> 0 | N71: =VLOOKUP(A:A,'staff sales'!C:Z,24,) -> 0 | O71: =VLOOKUP(A:A,'staff sales'!C:AC,27,) -> 0 | P71: =VLOOKUP(A:A,'staff sales'!C:AF,30,) -> 0 | Q71: =VLOOKUP(A:A,'staff sales'!C:AI,33,) -> 0 | R71: =VLOOKUP(A:A,'staff sales'!C:AL,36,) -> 0 | S71: =VLOOKUP(A:A,'staff sales'!C:AO,39,) -> 0 | T71: =VLOOKUP(A:A,'staff sales'!C:AR,42,) -> 0 | U71: =VLOOKUP(A:A,'staff sales'!C:AU,45,) -> 0 | V71: =VLOOKUP(A:A,'staff sales'!C:AX,48,) -> 0 | W71: =VLOOKUP(A:A,'staff sales'!C:BA,51,) -> 0
A72: 1046800189 | B72: بندر عيسى احمد الحمد | C72: Sales Agent | D72: Sales Agent | E72: XSER3635 | F72: XSER3635 | G72: Eastern & Northern | H72: Al Khobar | I72: الفنار | J72: 3000 | K72: =VLOOKUP(A:A,'staff sales'!C:Q,15,) -> 81303.51 | L72: =VLOOKUP(A:A,'staff sales'!C:T,18,) -> 7066.96 | M72: =VLOOKUP(A:A,'staff sales'!C:W,21,) -> 46087.87 | N72: =VLOOKUP(A:A,'staff sales'!C:Z,24,) -> 0 | O72: =VLOOKUP(A:A,'staff sales'!C:AC,27,) -> 16 | P72: =VLOOKUP(A:A,'staff sales'!C:AF,30,) -> 1 | Q72: =VLOOKUP(A:A,'staff sales'!C:AI,33,) -> 74 | R72: =VLOOKUP(A:A,'staff sales'!C:AL,36,) -> 5 | S72: =VLOOKUP(A:A,'staff sales'!C:AO,39,) -> 1 | T72: =VLOOKUP(A:A,'staff sales'!C:AR,42,) -> 10 | U72: =VLOOKUP(A:A,'staff sales'!C:AU,45,) -> 12 | V72: =VLOOKUP(A:A,'staff sales'!C:AX,48,) -> 0 | W72: =VLOOKUP(A:A,'staff sales'!C:BA,51,) -> 4
A73: 1030960825 | B73: علي مصطفى علي الحميد | C73: Sales Agent | D73: Sales Agent | E73: XSER3456 | F73: XSER3456 | G73: Eastern & Northern | H73: Al Khobar | I73: الفنار | J73: 3000 | K73: =VLOOKUP(A:A,'staff sales'!C:Q,15,) -> 21153.93 | L73: =VLOOKUP(A:A,'staff sales'!C:T,18,) -> 0 | M73: =VLOOKUP(A:A,'staff sales'!C:W,21,) -> 8709.57 | N73: =VLOOKUP(A:A,'staff sales'!C:Z,24,) -> 0 | O73: =VLOOKUP(A:A,'staff sales'!C:AC,27,) -> 5 | P73: =VLOOKUP(A:A,'staff sales'!C:AF,30,) -> 1 | Q73: =VLOOKUP(A:A,'staff sales'!C:AI,33,) -> 23 | R73: =VLOOKUP(A:A,'staff sales'!C:AL,36,) -> 1 | S73: =VLOOKUP(A:A,'staff sales'!C:AO,39,) -> 1 | T73: =VLOOKUP(A:A,'staff sales'!C:AR,42,) -> 3 | U73: =VLOOKUP(A:A,'staff sales'!C:AU,45,) -> 1 | V73: =VLOOKUP(A:A,'staff sales'!C:AX,48,) -> 0 | W73: =VLOOKUP(A:A,'staff sales'!C:BA,51,) -> 0
A74: 1080205246 | B74: علي معتوق علي الناصر | C74: Sales Agent | D74: Sales Agent | E74: XSER3030 | F74: EBU_XSER3030 | G74: Eastern & Northern | H74: Al Khobar | I74: الفنار | J74: 3000 | K74: =VLOOKUP(A:A,'staff sales'!C:Q,15,) -> 63820.02 | L74: =VLOOKUP(A:A,'staff sales'!C:T,18,) -> 6488.78 | M74: =VLOOKUP(A:A,'staff sales'!C:W,21,) -> 10492.47 | N74: =VLOOKUP(A:A,'staff sales'!C:Z,24,) -> 952 | O74: =VLOOKUP(A:A,'staff sales'!C:AC,27,) -> 20 | P74: =VLOOKUP(A:A,'staff sales'!C:AF,30,) -> 4 | Q74: =VLOOKUP(A:A,'staff sales'!C:AI,33,) -> 64 | R74: =VLOOKUP(A:A,'staff sales'!C:AL,36,) -> 2 | S74: =VLOOKUP(A:A,'staff sales'!C:AO,39,) -> 5 | T74: =VLOOKUP(A:A,'staff sales'!C:AR,42,) -> 5 | U74: =VLOOKUP(A:A,'staff sales'!C:AU,45,) -> 3 | V74: =VLOOKUP(A:A,'staff sales'!C:AX,48,) -> 0 | W74: =VLOOKUP(A:A,'staff sales'!C:BA,51,) -> 3
A75: 1075286219 | B75: ابراهيم عباس ابراهيم القطان | C75: Sales Agent | D75: Sales Agent | E75: XSER3726 | F75: XSER3726 | G75: Eastern & Northern | H75: Al Khobar | I75: الفنار | J75: 3000 | K75: =VLOOKUP(A:A,'staff sales'!C:Q,15,) -> 82001.74 | L75: =VLOOKUP(A:A,'staff sales'!C:T,18,) -> 5753.92 | M75: =VLOOKUP(A:A,'staff sales'!C:W,21,) -> 20492.64 | N75: =VLOOKUP(A:A,'staff sales'!C:Z,24,) -> 419 | O75: =VLOOKUP(A:A,'staff sales'!C:AC,27,) -> 15 | P75: =VLOOKUP(A:A,'staff sales'!C:AF,30,) -> 3 | Q75: =VLOOKUP(A:A,'staff sales'!C:AI,33,) -> 93 | R75: =VLOOKUP(A:A,'staff sales'!C:AL,36,) -> 1 | S75: =VLOOKUP(A:A,'staff sales'!C:AO,39,) -> 5 | T75: =VLOOKUP(A:A,'staff sales'!C:AR,42,) -> 5 | U75: =VLOOKUP(A:A,'staff sales'!C:AU,45,) -> 4 | V75: =VLOOKUP(A:A,'staff sales'!C:AX,48,) -> 0 | W75: =VLOOKUP(A:A,'staff sales'!C:BA,51,) -> 3
... A97: 1049638594 | B97: عبدالرحمن فهد أحمد بوعركه | C97: Sales Agent | D97: Sales Agent | E97: XSER3354 | F97: EBU_XSER3354 | G97: Eastern & Northern | H97: Al Khobar | I97: بقيق | J97: 33026 | K97: =VLOOKUP(A:A,'staff sales'!C:Q,15,) -> 43379.16 | L97: =VLOOKUP(A:A,'staff sales'!C:T,18,) -> 0 | M97: =VLOOKUP(A:A,'staff sales'!C:W,21,) -> 4263.9 | N97: =VLOOKUP(A:A,'staff sales'!C:Z,24,) -> 0 | O97: =VLOOKUP(A:A,'staff sales'!C:AC,27,) -> 5 | P97: =VLOOKUP(A:A,'staff sales'!C:AF,30,) -> 1 | Q97: =VLOOKUP(A:A,'staff sales'!C:AI,33,) -> 66 | R97: =VLOOKUP(A:A,'staff sales'!C:AL,36,) -> 4 | S97: =VLOOKUP(A:A,'staff sales'!C:AO,39,) -> 6 | T97: =VLOOKUP(A:A,'staff sales'!C:AR,42,) -> 1 | U97: =VLOOKUP(A:A,'staff sales'!C:AU,45,) -> 4 | V97: =VLOOKUP(A:A,'staff sales'!C:AX,48,) -> 0 | W97: =VLOOKUP(A:A,'staff sales'!C:BA,51,) -> 4
A98: - | B98: Dummy | C98: Branch Manager | D98: Branch Manager | E98: 0 | F98: 0 | G98: Eastern & Northern | H98: Al Khobar | I98: مجمع ارامكو | J98: 73006 | K98: =VLOOKUP(A:A,'staff sales'!C:Q,15,) -> 0 | L98: =VLOOKUP(A:A,'staff sales'!C:T,18,) -> 0 | M98: =VLOOKUP(A:A,'staff sales'!C:W,21,) -> 0 | N98: =VLOOKUP(A:A,'staff sales'!C:Z,24,) -> 0 | O98: =VLOOKUP(A:A,'staff sales'!C:AC,27,) -> 0 | P98: =VLOOKUP(A:A,'staff sales'!C:AF,30,) -> 0 | Q98: =VLOOKUP(A:A,'staff sales'!C:AI,33,) -> 0 | R98: =VLOOKUP(A:A,'staff sales'!C:AL,36,) -> 0 | S98: =VLOOKUP(A:A,'staff sales'!C:AO,39,) -> 0 | T98: =VLOOKUP(A:A,'staff sales'!C:AR,42,) -> 0 | U98: =VLOOKUP(A:A,'staff sales'!C:AU,45,) -> 0 | V98: =VLOOKUP(A:A,'staff sales'!C:AX,48,) -> 0 | W98: =VLOOKUP(A:A,'staff sales'!C:BA,51,) -> 0
A99: 1041913144 | B99: نوف ظافر سعيد الهاجري | C99: Branch Supervisor | D99: Branch Manager | E99: XSER2724 | F99: EBU_XSER2724 | G99: Eastern & Northern | H99: Al Khobar | I99: مجمع ارامكو | J99: 73006 | K99: =VLOOKUP(A:A,'staff sales'!C:Q,15,) -> 0 | L99: =VLOOKUP(A:A,'staff sales'!C:T,18,) -> 0 | M99: =VLOOKUP(A:A,'staff sales'!C:W,21,) -> 0 | N99: =VLOOKUP(A:A,'staff sales'!C:Z,24,) -> 0 | O99: =VLOOKUP(A:A,'staff sales'!C:AC,27,) -> 0 | P99: =VLOOKUP(A:A,'staff sales'!C:AF,30,) -> 0 | Q99: =VLOOKUP(A:A,'staff sales'!C:AI,33,) -> 0 | R99: =VLOOKUP(A:A,'staff sales'!C:AL,36,) -> 0 | S99: =VLOOKUP(A:A,'staff sales'!C:AO,39,) -> 0 | T99: =VLOOKUP(A:A,'staff sales'!C:AR,42,) -> 0 | U99: =VLOOKUP(A:A,'staff sales'!C:AU,45,) -> 0 | V99: =VLOOKUP(A:A,'staff sales'!C:AX,48,) -> 0 | W99: =VLOOKUP(A:A,'staff sales'!C:BA,51,) -> 0
A100: 1049004409 | B100: سمر ناجي حسن آل يوسف | C100: Sales Agent | D100: Sales Agent | E100: XSER5287 | F100: XSER5287 | G100: Eastern & Northern | H100: Al Khobar | I100: مجمع ارامكو | J100: 73006 | K100: =VLOOKUP(A:A,'staff sales'!C:Q,15,) -> 39646.96 | L100: =VLOOKUP(A:A,'staff sales'!C:T,18,) -> 9823.48 | M100: =VLOOKUP(A:A,'staff sales'!C:W,21,) -> 6899.57 | N100: =VLOOKUP(A:A,'staff sales'!C:Z,24,) -> 0 | O100: =VLOOKUP(A:A,'staff sales'!C:AC,27,) -> 9 | P100: =VLOOKUP(A:A,'staff sales'!C:AF,30,) -> 2 | Q100: =VLOOKUP(A:A,'staff sales'!C:AI,33,) -> 31 | R100: =VLOOKUP(A:A,'staff sales'!C:AL,36,) -> 2 | S100: =VLOOKUP(A:A,'staff sales'!C:AO,39,) -> 0 | T100: =VLOOKUP(A:A,'staff sales'!C:AR,42,) -> 3 | U100: =VLOOKUP(A:A,'staff sales'!C:AU,45,) -> 21 | V100: =VLOOKUP(A:A,'staff sales'!C:AX,48,) -> 0 | W100: =VLOOKUP(A:A,'staff sales'!C:BA,51,) -> 1
A101: 1051279097 | B101: لطيفه محمد أحمد الطليحي | C101: Sales Agent | D101: Sales Agent | E101: XSMT0364 | F101: XSMT0364 | G101: Eastern & Northern | H101: Al Khobar | I101: مجمع ارامكو | J101: 73006 | K101: =VLOOKUP(A:A,'staff sales'!C:Q,15,) -> 22800 | L101: =VLOOKUP(A:A,'staff sales'!C:T,18,) -> 19820.88 | M101: =VLOOKUP(A:A,'staff sales'!C:W,21,) -> 12579.13 | N101: =VLOOKUP(A:A,'staff sales'!C:Z,24,) -> 0 | O101: =VLOOKUP(A:A,'staff sales'!C:AC,27,) -> 16 | P101: =VLOOKUP(A:A,'staff sales'!C:AF,30,) -> 0 | Q101: =VLOOKUP(A:A,'staff sales'!C:AI,33,) -> 27 | R101: =VLOOKUP(A:A,'staff sales'!C:AL,36,) -> 1 | S101: =VLOOKUP(A:A,'staff sales'!C:AO,39,) -> 2 | T101: =VLOOKUP(A:A,'staff sales'!C:AR,42,) -> 4 | U101: =VLOOKUP(A:A,'staff sales'!C:AU,45,) -> 8 | V101: =VLOOKUP(A:A,'staff sales'!C:AX,48,) -> 0 | W101: =VLOOKUP(A:A,'staff sales'!C:BA,51,) -> 2
A102: 1012390231 | B102: ايمان سعيد علي اليامي | C102: Sales Agent | D102: Sales Agent | E102: XSER5494 | F102: XSER5494 | G102: Eastern & Northern | H102: Al Khobar | I102: مجمع ارامكو | J102: 73006 | K102: =VLOOKUP(A:A,'staff sales'!C:Q,15,) -> 28025.24 | L102: =VLOOKUP(A:A,'staff sales'!C:T,18,) -> 6606.96 | M102: =VLOOKUP(A:A,'staff sales'!C:W,21,) -> 8532.17 | N102: =VLOOKUP(A:A,'staff sales'!C:Z,24,) -> 0 | O102: =VLOOKUP(A:A,'staff sales'!C:AC,27,) -> 11 | P102: =VLOOKUP(A:A,'staff sales'!C:AF,30,) -> 0 | Q102: =VLOOKUP(A:A,'staff sales'!C:AI,33,) -> 13 | R102: =VLOOKUP(A:A,'staff sales'!C:AL,36,) -> 0 | S102: =VLOOKUP(A:A,'staff sales'!C:AO,39,) -> 0 | T102: =VLOOKUP(A:A,'staff sales'!C:AR,42,) -> 2 | U102: =VLOOKUP(A:A,'staff sales'!C:AU,45,) -> 10 | V102: =VLOOKUP(A:A,'staff sales'!C:AX,48,) -> 0 | W102: =VLOOKUP(A:A,'staff sales'!C:BA,51,) -> 1
A103: 1074854801 | B103: محمد زاهر احمد الشهري | C103: Branch Manager | D103: Branch Manager | E103: XSIS1142 | F103: EBU_XSIS1142 | G103: Eastern & Northern | H103: Al Khobar | I103: العزيزية | J103: 73037 | K103: =VLOOKUP(A:A,'staff sales'!C:Q,15,) -> 0 | L103: =VLOOKUP(A:A,'staff sales'!C:T,18,) -> 0 | M103: =VLOOKUP(A:A,'staff sales'!C:W,21,) -> 0 | N103: =VLOOKUP(A:A,'staff sales'!C:Z,24,) -> 0 | O103: =VLOOKUP(A:A,'staff sales'!C:AC,27,) -> 2 | P103: =VLOOKUP(A:A,'staff sales'!C:AF,30,) -> 1 | Q103: =VLOOKUP(A:A,'staff sales'!C:AI,33,) -> 2 | R103: =VLOOKUP(A:A,'staff sales'!C:AL,36,) -> 0 | S103: =VLOOKUP(A:A,'staff sales'!C:AO,39,) -> 1 | T103: =VLOOKUP(A:A,'staff sales'!C:AR,42,) -> 0 | U103: =VLOOKUP(A:A,'staff sales'!C:AU,45,) -> 0 | V103: =VLOOKUP(A:A,'staff sales'!C:AX,48,) -> 0 | W103: =VLOOKUP(A:A,'staff sales'!C:BA,51,) -> 0
A104: 1031560806 | B104: حمد صالح ابراهيم المحسون | C104: Branch Supervisor | D104: Branch Supervisor | E104: XSER1843 | F104: EBU_XSER1843 | G104: Eastern & Northern | H104: Al Khobar | I104: العزيزية | J104: 73037 | K104: =VLOOKUP(A:A,'staff sales'!C:Q,15,) -> 0 | L104: =VLOOKUP(A:A,'staff sales'!C:T,18,) -> 0 | M104: =VLOOKUP(A:A,'staff sales'!C:W,21,) -> 251.3 | N104: =VLOOKUP(A:A,'staff sales'!C:Z,24,) -> 0 | O104: =VLOOKUP(A:A,'staff sales'!C:AC,27,) -> 0 | P104: =VLOOKUP(A:A,'staff sales'!C:AF,30,) -> 0 | Q104: =VLOOKUP(A:A,'staff sales'!C:AI,33,) -> 1 | R104: =VLOOKUP(A:A,'staff sales'!C:AL,36,) -> 0 | S104: =VLOOKUP(A:A,'staff sales'!C:AO,39,) -> 0 | T104: =VLOOKUP(A:A,'staff sales'!C:AR,42,) -> 0 | U104: =VLOOKUP(A:A,'staff sales'!C:AU,45,) -> 0 | V104: =VLOOKUP(A:A,'staff sales'!C:AX,48,) -> 0 | W104: =VLOOKUP(A:A,'staff sales'!C:BA,51,) -> 0
A105: 1012499917 | B105: ابراهيم بتال عبدالمحسن القحطاني | C105: Sales Agent | D105: Sales Agent | E105: XSER4949 | F105: XSER4949 | G105: Eastern & Northern | H105: Al Khobar | I105: العزيزية | J105: 73037 | K105: =VLOOKUP(A:A,'staff sales'!C:Q,15,) -> 86275.67 | L105: =VLOOKUP(A:A,'staff sales'!C:T,18,) -> 2781.74 | M105: =VLOOKUP(A:A,'staff sales'!C:W,21,) -> 20096.97 | N105: =VLOOKUP(A:A,'staff sales'!C:Z,24,) -> 1053 | O105: =VLOOKUP(A:A,'staff sales'!C:AC,27,) -> 13 | P105: =VLOOKUP(A:A,'staff sales'!C:AF,30,) -> 6 | Q105: =VLOOKUP(A:A,'staff sales'!C:AI,33,) -> 53 | R105: =VLOOKUP(A:A,'staff sales'!C:AL,36,) -> 2 | S105: =VLOOKUP(A:A,'staff sales'!C:AO,39,) -> 4 | T105: =VLOOKUP(A:A,'staff sales'!C:AR,42,) -> 5 | U105: =VLOOKUP(A:A,'staff sales'!C:AU,45,) -> 10 | V105: =VLOOKUP(A:A,'staff sales'!C:AX,48,) -> 0 | W105: =VLOOKUP(A:A,'staff sales'!C:BA,51,) -> 3
A106: 1050547494 | B106: عبدالمجيد جدعان مضحي العنزي | C106: Sales Agent | D106: Sales Agent | E106: XSER3638 | F106: XSER3638 | G106: Eastern & Northern | H106: Al Khobar | I106: العزيزية | J106: 73037 | K106: =VLOOKUP(A:A,'staff sales'!C:Q,15,) -> 70831.33 | L106: =VLOOKUP(A:A,'staff sales'!C:T,18,) -> 1882.61 | M106: =VLOOKUP(A:A,'staff sales'!C:W,21,) -> 19395.67 | N106: =VLOOKUP(A:A,'staff sales'!C:Z,24,) -> 0 | O106: =VLOOKUP(A:A,'staff sales'!C:AC,27,) -> 16 | P106: =VLOOKUP(A:A,'staff sales'!C:AF,30,) -> 6 | Q106: =VLOOKUP(A:A,'staff sales'!C:AI,33,) -> 96 | R106: =VLOOKUP(A:A,'staff sales'!C:AL,36,) -> 7 | S106: =VLOOKUP(A:A,'staff sales'!C:AO,39,) -> 6 | T106: =VLOOKUP(A:A,'staff sales'!C:AR,42,) -> 4 | U106: =VLOOKUP(A:A,'staff sales'!C:AU,45,) -> 1 | V106: =VLOOKUP(A:A,'staff sales'!C:AX,48,) -> 0 | W106: =VLOOKUP(A:A,'staff sales'!C:BA,51,) -> 0
A107: 1018303014 | B107: عبدالله مفرح فهد العجمي | C107: Sales Agent | D107: Sales Agent | E107: XSER4441 | F107: XSER4441 | G107: Eastern & Northern | H107: Al Khobar | I107: العزيزية | J107: 73037 | K107: =VLOOKUP(A:A,'staff sales'!C:Q,15,) -> 137911.36 | L107: =VLOOKUP(A:A,'staff sales'!C:T,18,) -> 0 | M107: =VLOOKUP(A:A,'staff sales'!C:W,21,) -> 8078.69 | N107: =VLOOKUP(A:A,'staff sales'!C:Z,24,) -> 0 | O107: =VLOOKUP(A:A,'staff sales'!C:AC,27,) -> 11 | P107: =VLOOKUP(A:A,'staff sales'!C:AF,30,) -> 1 | Q107: =VLOOKUP(A:A,'staff sales'!C:AI,33,) -> 90 | R107: =VLOOKUP(A:A,'staff sales'!C:AL,36,) -> 5 | S107: =VLOOKUP(A:A,'staff sales'!C:AO,39,) -> 2 | T107: =VLOOKUP(A:A,'staff sales'!C:AR,42,) -> 1 | U107: =VLOOKUP(A:A,'staff sales'!C:AU,45,) -> 4 | V107: =VLOOKUP(A:A,'staff sales'!C:AX,48,) -> 0 | W107: =VLOOKUP(A:A,'staff sales'!C:BA,51,) -> 1
A108: 1075572469 | B108: بدر نواف حبيب الخالدي | C108: Sales Agent | D108: Sales Agent | E108: XSIS0704 | F108: XSIS0704 | G108: Eastern & Northern | H108: Al Khobar | I108: العزيزية | J108: 73037 | K108: =VLOOKUP(A:A,'staff sales'!C:Q,15,) -> 34080.01 | L108: =VLOOKUP(A:A,'staff sales'!C:T,18,) -> 0 | M108: =VLOOKUP(A:A,'staff sales'!C:W,21,) -> 8284.79 | N108: =VLOOKUP(A:A,'staff sales'!C:Z,24,) -> 0 | O108: =VLOOKUP(A:A,'staff sales'!C:AC,27,) -> 2 | P108: =VLOOKUP(A:A,'staff sales'!C:AF,30,) -> 0 | Q108: =VLOOKUP(A:A,'staff sales'!C:AI,33,) -> 22 | R108: =VLOOKUP(A:A,'staff sales'!C:AL,36,) -> 2 | S108: =VLOOKUP(A:A,'staff sales'!C:AO,39,) -> 0 | T108: =VLOOKUP(A:A,'staff sales'!C:AR,42,) -> 1 | U108: =VLOOKUP(A:A,'staff sales'!C:AU,45,) -> 2 | V108: =VLOOKUP(A:A,'staff sales'!C:AX,48,) -> 0 | W108: =VLOOKUP(A:A,'staff sales'!C:BA,51,) -> 0
A109: 1039390255 | B109: ياسر حسين حسن ابالحارث | C109: Sales Agent | D109: Sales Agent | E109: XSER0297 | F109: EBU_XSER0297 | G109: Eastern & Northern | H109: Al Khobar | I109: العزيزية | J109: 73037 | K109: =VLOOKUP(A:A,'staff sales'!C:Q,15,) -> 24691.31 | L109: =VLOOKUP(A:A,'staff sales'!C:T,18,) -> 5085.22 | M109: =VLOOKUP(A:A,'staff sales'!C:W,21,) -> 5553.03 | N109: =VLOOKUP(A:A,'staff sales'!C:Z,24,) -> 0 | O109: =VLOOKUP(A:A,'staff sales'!C:AC,27,) -> 1 | P109: =VLOOKUP(A:A,'staff sales'!C:AF,30,) -> 0 | Q109: =VLOOKUP(A:A,'staff sales'!C:AI,33,) -> 42 | R109: =VLOOKUP(A:A,'staff sales'!C:AL,36,) -> 1 | S109: =VLOOKUP(A:A,'staff sales'!C:AO,39,) -> 2 | T109: =VLOOKUP(A:A,'staff sales'!C:AR,42,) -> 1 | U109: =VLOOKUP(A:A,'staff sales'!C:AU,45,) -> 2 | V109: =VLOOKUP(A:A,'staff sales'!C:AX,48,) -> 0 | W109: =VLOOKUP(A:A,'staff sales'!C:BA,51,) -> 3
A110: 1067637023 | B110: محمد علي حسين الشخل | C110: Branch Supervisor | D110: Branch Supervisor | E110: XSER3164 | F110: EBU_XSER3164 | G110: Eastern & Northern | H110: Al Khobar | I110: العزيزية | J110: 73037 | K110: =VLOOKUP(A:A,'staff sales'!C:Q,15,) -> 0 | L110: =VLOOKUP(A:A,'staff sales'!C:T,18,) -> 0 | M110: =VLOOKUP(A:A,'staff sales'!C:W,21,) -> 77.39 | N110: =VLOOKUP(A:A,'staff sales'!C:Z,24,) -> 0 | O110: =VLOOKUP(A:A,'staff sales'!C:AC,27,) -> 0 | P110: =VLOOKUP(A:A,'staff sales'!C:AF,30,) -> 0 | Q110: =VLOOKUP(A:A,'staff sales'!C:AI,33,) -> 0 | R110: =VLOOKUP(A:A,'staff sales'!C:AL,36,) -> 0 | S110: =VLOOKUP(A:A,'staff sales'!C:AO,39,) -> 1 | T110: =VLOOKUP(A:A,'staff sales'!C:AR,42,) -> 0 | U110: =VLOOKUP(A:A,'staff sales'!C:AU,45,) -> 0 | V110: =VLOOKUP(A:A,'staff sales'!C:AX,48,) -> 0 | W110: =VLOOKUP(A:A,'staff sales'!C:BA,51,) -> 0
... A128: 1060508452 | B128: ابراهيم محمد حسين آل عباس | C128: Sales Agent | D128: Sales Agent | E128: XSER4905 | F128: XSER4905 | G128: Eastern & Northern | H128: Al Khobar | I128: الملك فيصل | J128: 73038 | K128: =VLOOKUP(A:A,'staff sales'!C:Q,15,) -> 42196.53 | L128: =VLOOKUP(A:A,'staff sales'!C:T,18,) -> 3225.22 | M128: =VLOOKUP(A:A,'staff sales'!C:W,21,) -> 3828.7 | N128: =VLOOKUP(A:A,'staff sales'!C:Z,24,) -> 1984 | O128: =VLOOKUP(A:A,'staff sales'!C:AC,27,) -> 12 | P128: =VLOOKUP(A:A,'staff sales'!C:AF,30,) -> 1 | Q128: =VLOOKUP(A:A,'staff sales'!C:AI,33,) -> 26 | R128: =VLOOKUP(A:A,'staff sales'!C:AL,36,) -> 1 | S128: =VLOOKUP(A:A,'staff sales'!C:AO,39,) -> 0 | T128: =VLOOKUP(A:A,'staff sales'!C:AR,42,) -> 2 | U128: =VLOOKUP(A:A,'staff sales'!C:AU,45,) -> 3 | V128: =VLOOKUP(A:A,'staff sales'!C:AX,48,) -> 0 | W128: =VLOOKUP(A:A,'staff sales'!C:BA,51,) -> 1
A129: - | B129: Dummy | C129: Branch Manager | D129: Branch Manager | E129: 0 | F129: 0 | G129: Eastern & Northern | H129: Al Khobar | I129: الظهران مول | J129: 43004 | K129: =VLOOKUP(A:A,'staff sales'!C:Q,15,) -> 0 | L129: =VLOOKUP(A:A,'staff sales'!C:T,18,) -> 0 | M129: =VLOOKUP(A:A,'staff sales'!C:W,21,) -> 0 | N129: =VLOOKUP(A:A,'staff sales'!C:Z,24,) -> 0 | O129: =VLOOKUP(A:A,'staff sales'!C:AC,27,) -> 0 | P129: =VLOOKUP(A:A,'staff sales'!C:AF,30,) -> 0 | Q129: =VLOOKUP(A:A,'staff sales'!C:AI,33,) -> 0 | R129: =VLOOKUP(A:A,'staff sales'!C:AL,36,) -> 0 | S129: =VLOOKUP(A:A,'staff sales'!C:AO,39,) -> 0 | T129: =VLOOKUP(A:A,'staff sales'!C:AR,42,) -> 0 | U129: =VLOOKUP(A:A,'staff sales'!C:AU,45,) -> 0 | V129: =VLOOKUP(A:A,'staff sales'!C:AX,48,) -> 0 | W129: =VLOOKUP(A:A,'staff sales'!C:BA,51,) -> 0
A130: 1052906938 | B130: اماني مسعد عتيق المطيري | C130: Branch Supervisor | D130: Branch Manager | E130: XSER3437 | F130: XSER3437 | G130: Eastern & Northern | H130: Al Khobar | I130: الظهران مول | J130: 43004 | K130: =VLOOKUP(A:A,'staff sales'!C:Q,15,) -> 0 | L130: =VLOOKUP(A:A,'staff sales'!C:T,18,) -> 0 | M130: =VLOOKUP(A:A,'staff sales'!C:W,21,) -> 0 | N130: =VLOOKUP(A:A,'staff sales'!C:Z,24,) -> 0 | O130: =VLOOKUP(A:A,'staff sales'!C:AC,27,) -> 0 | P130: =VLOOKUP(A:A,'staff sales'!C:AF,30,) -> 0 | Q130: =VLOOKUP(A:A,'staff sales'!C:AI,33,) -> 0 | R130: =VLOOKUP(A:A,'staff sales'!C:AL,36,) -> 0 | S130: =VLOOKUP(A:A,'staff sales'!C:AO,39,) -> 1 | T130: =VLOOKUP(A:A,'staff sales'!C:AR,42,) -> 0 | U130: =VLOOKUP(A:A,'staff sales'!C:AU,45,) -> 0 | V130: =VLOOKUP(A:A,'staff sales'!C:AX,48,) -> 0 | W130: =VLOOKUP(A:A,'staff sales'!C:BA,51,) -> 0
A131: 1077080693 | B131: فاطمه وليد عبدالله المرجان | C131: Sales Agent | D131: Sales Agent | E131: XSMT0369 | F131: XSMT0369 | G131: Eastern & Northern | H131: Al Khobar | I131: الظهران مول | J131: 43004 | K131: =VLOOKUP(A:A,'staff sales'!C:Q,15,) -> 92912.2 | L131: =VLOOKUP(A:A,'staff sales'!C:T,18,) -> 14946.04 | M131: =VLOOKUP(A:A,'staff sales'!C:W,21,) -> 21473.09 | N131: =VLOOKUP(A:A,'staff sales'!C:Z,24,) -> 0 | O131: =VLOOKUP(A:A,'staff sales'!C:AC,27,) -> 9 | P131: =VLOOKUP(A:A,'staff sales'!C:AF,30,) -> 4 | Q131: =VLOOKUP(A:A,'staff sales'!C:AI,33,) -> 102 | R131: =VLOOKUP(A:A,'staff sales'!C:AL,36,) -> 1 | S131: =VLOOKUP(A:A,'staff sales'!C:AO,39,) -> 5 | T131: =VLOOKUP(A:A,'staff sales'!C:AR,42,) -> 6 | U131: =VLOOKUP(A:A,'staff sales'!C:AU,45,) -> 0 | V131: =VLOOKUP(A:A,'staff sales'!C:AX,48,) -> 2 | W131: =VLOOKUP(A:A,'staff sales'!C:BA,51,) -> 6
A132: 1068416344 | B132: سناء عبدالله يحى الملحاوي | C132: Sales Agent | D132: Sales Agent | E132: XSER3418 | F132: XSER3418 | G132: Eastern & Northern | H132: Al Khobar | I132: الظهران مول | J132: 43004 | K132: =VLOOKUP(A:A,'staff sales'!C:Q,15,) -> 82069.61 | L132: =VLOOKUP(A:A,'staff sales'!C:T,18,) -> 0 | M132: =VLOOKUP(A:A,'staff sales'!C:W,21,) -> 19556.52 | N132: =VLOOKUP(A:A,'staff sales'!C:Z,24,) -> 0 | O132: =VLOOKUP(A:A,'staff sales'!C:AC,27,) -> 10 | P132: =VLOOKUP(A:A,'staff sales'!C:AF,30,) -> 0 | Q132: =VLOOKUP(A:A,'staff sales'!C:AI,33,) -> 97 | R132: =VLOOKUP(A:A,'staff sales'!C:AL,36,) -> 4 | S132: =VLOOKUP(A:A,'staff sales'!C:AO,39,) -> 5 | T132: =VLOOKUP(A:A,'staff sales'!C:AR,42,) -> 4 | U132: =VLOOKUP(A:A,'staff sales'!C:AU,45,) -> 1 | V132: =VLOOKUP(A:A,'staff sales'!C:AX,48,) -> 0 | W132: =VLOOKUP(A:A,'staff sales'!C:BA,51,) -> 5
A133: 1031871781 | B133: عهود مخلف سعد المطيري | C133: Sales Agent | D133: Sales Agent | E133: XSER1808 | F133: EBU_XSER1808 | G133: Eastern & Northern | H133: Al Khobar | I133: الظهران مول | J133: 43004 | K133: =VLOOKUP(A:A,'staff sales'!C:Q,15,) -> 73393.96 | L133: =VLOOKUP(A:A,'staff sales'!C:T,18,) -> 6954.78 | M133: =VLOOKUP(A:A,'staff sales'!C:W,21,) -> 6321.29 | N133: =VLOOKUP(A:A,'staff sales'!C:Z,24,) -> 0 | O133: =VLOOKUP(A:A,'staff sales'!C:AC,27,) -> 9 | P133: =VLOOKUP(A:A,'staff sales'!C:AF,30,) -> 0 | Q133: =VLOOKUP(A:A,'staff sales'!C:AI,33,) -> 60 | R133: =VLOOKUP(A:A,'staff sales'!C:AL,36,) -> 2 | S133: =VLOOKUP(A:A,'staff sales'!C:AO,39,) -> 4 | T133: =VLOOKUP(A:A,'staff sales'!C:AR,42,) -> 1 | U133: =VLOOKUP(A:A,'staff sales'!C:AU,45,) -> 2 | V133: =VLOOKUP(A:A,'staff sales'!C:AX,48,) -> 0 | W133: =VLOOKUP(A:A,'staff sales'!C:BA,51,) -> 5
A134: 1077831095 | B134: سميره قرعاوى محمد قحم | C134: Sales Agent | D134: Sales Agent | E134: XSER3417 | F134: XSER3417 | G134: Eastern & Northern | H134: Al Khobar | I134: الظهران مول | J134: 43004 | K134: =VLOOKUP(A:A,'staff sales'!C:Q,15,) -> 48461.76 | L134: =VLOOKUP(A:A,'staff sales'!C:T,18,) -> 0 | M134: =VLOOKUP(A:A,'staff sales'!C:W,21,) -> 9029.13 | N134: =VLOOKUP(A:A,'staff sales'!C:Z,24,) -> 0 | O134: =VLOOKUP(A:A,'staff sales'!C:AC,27,) -> 11 | P134: =VLOOKUP(A:A,'staff sales'!C:AF,30,) -> 2 | Q134: =VLOOKUP(A:A,'staff sales'!C:AI,33,) -> 73 | R134: =VLOOKUP(A:A,'staff sales'!C:AL,36,) -> 2 | S134: =VLOOKUP(A:A,'staff sales'!C:AO,39,) -> 5 | T134: =VLOOKUP(A:A,'staff sales'!C:AR,42,) -> 4 | U134: =VLOOKUP(A:A,'staff sales'!C:AU,45,) -> 1 | V134: =VLOOKUP(A:A,'staff sales'!C:AX,48,) -> 1 | W134: =VLOOKUP(A:A,'staff sales'!C:BA,51,) -> 3
A135: 1061115562 | B135: نوف عبدالله يوسف الدوسري | C135: Sales Agent | D135: Sales Agent | E135: XSMT0366 | F135: XSMT0366 | G135: Eastern & Northern | H135: Al Khobar | I135: الظهران مول | J135: 43004 | K135: =VLOOKUP(A:A,'staff sales'!C:Q,15,) -> 58329.58 | L135: =VLOOKUP(A:A,'staff sales'!C:T,18,) -> 5825.22 | M135: =VLOOKUP(A:A,'staff sales'!C:W,21,) -> 5713.47 | N135: =VLOOKUP(A:A,'staff sales'!C:Z,24,) -> 0 | O135: =VLOOKUP(A:A,'staff sales'!C:AC,27,) -> 12 | P135: =VLOOKUP(A:A,'staff sales'!C:AF,30,) -> 1 | Q135: =VLOOKUP(A:A,'staff sales'!C:AI,33,) -> 76 | R135: =VLOOKUP(A:A,'staff sales'!C:AL,36,) -> 0 | S135: =VLOOKUP(A:A,'staff sales'!C:AO,39,) -> 3 | T135: =VLOOKUP(A:A,'staff sales'!C:AR,42,) -> 1 | U135: =VLOOKUP(A:A,'staff sales'!C:AU,45,) -> 2 | V135: =VLOOKUP(A:A,'staff sales'!C:AX,48,) -> 0 | W135: =VLOOKUP(A:A,'staff sales'!C:BA,51,) -> 2
A136: 1099165514 | B136: ميعاد سامي راشد السعيد | C136: Sales Agent | D136: Sales Agent | E136: XSER1381 | F136: EBU_XSER1381 | G136: Eastern & Northern | H136: Al Khobar | I136: الظهران مول | J136: 43004 | K136: =VLOOKUP(A:A,'staff sales'!C:Q,15,) -> 39094.81 | L136: =VLOOKUP(A:A,'staff sales'!C:T,18,) -> 630.4 | M136: =VLOOKUP(A:A,'staff sales'!C:W,21,) -> 4746.95 | N136: =VLOOKUP(A:A,'staff sales'!C:Z,24,) -> 0 | O136: =VLOOKUP(A:A,'staff sales'!C:AC,27,) -> 4 | P136: =VLOOKUP(A:A,'staff sales'!C:AF,30,) -> 0 | Q136: =VLOOKUP(A:A,'staff sales'!C:AI,33,) -> 62 | R136: =VLOOKUP(A:A,'staff sales'!C:AL,36,) -> 0 | S136: =VLOOKUP(A:A,'staff sales'!C:AO,39,) -> 4 | T136: =VLOOKUP(A:A,'staff sales'!C:AR,42,) -> 2 | U136: =VLOOKUP(A:A,'staff sales'!C:AU,45,) -> 1 | V136: =VLOOKUP(A:A,'staff sales'!C:AX,48,) -> 0 | W136: =VLOOKUP(A:A,'staff sales'!C:BA,51,) -> 1
A137: 1075262004 | B137: فصال صالح سالم الفلاسه | C137: Sales Agent | D137: Sales Agent | E137: XSER3419 | F137: XSER3419 | G137: Eastern & Northern | H137: Al Khobar | I137: الظهران مول | J137: 43004 | K137: =VLOOKUP(A:A,'staff sales'!C:Q,15,) -> 78583.51 | L137: =VLOOKUP(A:A,'staff sales'!C:T,18,) -> 1216.52 | M137: =VLOOKUP(A:A,'staff sales'!C:W,21,) -> 11019.03 | N137: =VLOOKUP(A:A,'staff sales'!C:Z,24,) -> 0 | O137: =VLOOKUP(A:A,'staff sales'!C:AC,27,) -> 13 | P137: =VLOOKUP(A:A,'staff sales'!C:AF,30,) -> 2 | Q137: =VLOOKUP(A:A,'staff sales'!C:AI,33,) -> 114 | R137: =VLOOKUP(A:A,'staff sales'!C:AL,36,) -> 2 | S137: =VLOOKUP(A:A,'staff sales'!C:AO,39,) -> 4 | T137: =VLOOKUP(A:A,'staff sales'!C:AR,42,) -> 4 | U137: =VLOOKUP(A:A,'staff sales'!C:AU,45,) -> 0 | V137: =VLOOKUP(A:A,'staff sales'!C:AX,48,) -> 0 | W137: =VLOOKUP(A:A,'staff sales'!C:BA,51,) -> 0
A138: 2012891798 | B138: سلوى سعيد سالم بارضوان | C138: Branch Manager | D138: Branch Manager | E138: XSER0176 | F138: EBU_XSER0176 | G138: Eastern & Northern | H138: Al Khobar | I138: الخبر سيتي ووك | J138: 13013 | K138: =VLOOKUP(A:A,'staff sales'!C:Q,15,) -> 0 | L138: =VLOOKUP(A:A,'staff sales'!C:T,18,) -> 0 | M138: =VLOOKUP(A:A,'staff sales'!C:W,21,) -> 0 | N138: =VLOOKUP(A:A,'staff sales'!C:Z,24,) -> 0 | O138: =VLOOKUP(A:A,'staff sales'!C:AC,27,) -> 0 | P138: =VLOOKUP(A:A,'staff sales'!C:AF,30,) -> 0 | Q138: =VLOOKUP(A:A,'staff sales'!C:AI,33,) -> 0 | R138: =VLOOKUP(A:A,'staff sales'!C:AL,36,) -> 0 | S138: =VLOOKUP(A:A,'staff sales'!C:AO,39,) -> 0 | T138: =VLOOKUP(A:A,'staff sales'!C:AR,42,) -> 0 | U138: =VLOOKUP(A:A,'staff sales'!C:AU,45,) -> 0 | V138: =VLOOKUP(A:A,'staff sales'!C:AX,48,) -> 0 | W138: =VLOOKUP(A:A,'staff sales'!C:BA,51,) -> 0
A139: 1064203035 | B139: فردوس عثمان السيف | C139: Branch Supervisor | D139: Branch Supervisor | E139: XSER3783 | F139: EBU_XSER3783 | G139: Eastern & Northern | H139: Al Khobar | I139: الخبر سيتي ووك | J139: 13013 | K139: =VLOOKUP(A:A,'staff sales'!C:Q,15,) -> 0 | L139: =VLOOKUP(A:A,'staff sales'!C:T,18,) -> 0 | M139: =VLOOKUP(A:A,'staff sales'!C:W,21,) -> 0 | N139: =VLOOKUP(A:A,'staff sales'!C:Z,24,) -> 0 | O139: =VLOOKUP(A:A,'staff sales'!C:AC,27,) -> 0 | P139: =VLOOKUP(A:A,'staff sales'!C:AF,30,) -> 0 | Q139: =VLOOKUP(A:A,'staff sales'!C:AI,33,) -> 4 | R139: =VLOOKUP(A:A,'staff sales'!C:AL,36,) -> 0 | S139: =VLOOKUP(A:A,'staff sales'!C:AO,39,) -> 0 | T139: =VLOOKUP(A:A,'staff sales'!C:AR,42,) -> 0 | U139: =VLOOKUP(A:A,'staff sales'!C:AU,45,) -> 0 | V139: =VLOOKUP(A:A,'staff sales'!C:AX,48,) -> 0 | W139: =VLOOKUP(A:A,'staff sales'!C:BA,51,) -> 0
A140: 1088354160 | B140: نوره مفرح محمد الاحمري | C140: Sales Agent | D140: Sales Agent | E140: XSER3832 | F140: XSER3832 | G140: Eastern & Northern | H140: Al Khobar | I140: الخبر سيتي ووك | J140: 13013 | K140: =VLOOKUP(A:A,'staff sales'!C:Q,15,) -> 49992.2 | L140: =VLOOKUP(A:A,'staff sales'!C:T,18,) -> 6606.96 | M140: =VLOOKUP(A:A,'staff sales'!C:W,21,) -> 8403.04 | N140: =VLOOKUP(A:A,'staff sales'!C:Z,24,) -> 0 | O140: =VLOOKUP(A:A,'staff sales'!C:AC,27,) -> 7 | P140: =VLOOKUP(A:A,'staff sales'!C:AF,30,) -> 1 | Q140: =VLOOKUP(A:A,'staff sales'!C:AI,33,) -> 49 | R140: =VLOOKUP(A:A,'staff sales'!C:AL,36,) -> 2 | S140: =VLOOKUP(A:A,'staff sales'!C:AO,39,) -> 0 | T140: =VLOOKUP(A:A,'staff sales'!C:AR,42,) -> 1 | U140: =VLOOKUP(A:A,'staff sales'!C:AU,45,) -> 1 | V140: =VLOOKUP(A:A,'staff sales'!C:AX,48,) -> 0 | W140: =VLOOKUP(A:A,'staff sales'!C:BA,51,) -> 1
A141: 1006275190 | B141: أمل عايل حسن المغربى | C141: Sales Agent | D141: Sales Agent | E141: XSMT0353 | F141: XSMT0353 | G141: Eastern & Northern | H141: Al Khobar | I141: الخبر سيتي ووك | J141: 13013 | K141: =VLOOKUP(A:A,'staff sales'!C:Q,15,) -> 44128.72 | L141: =VLOOKUP(A:A,'staff sales'!C:T,18,) -> 6606.96 | M141: =VLOOKUP(A:A,'staff sales'!C:W,21,) -> 12526.53 | N141: =VLOOKUP(A:A,'staff sales'!C:Z,24,) -> 0 | O141: =VLOOKUP(A:A,'staff sales'!C:AC,27,) -> 4 | P141: =VLOOKUP(A:A,'staff sales'!C:AF,30,) -> 0 | Q141: =VLOOKUP(A:A,'staff sales'!C:AI,33,) -> 37 | R141: =VLOOKUP(A:A,'staff sales'!C:AL,36,) -> 1 | S141: =VLOOKUP(A:A,'staff sales'!C:AO,39,) -> 1 | T141: =VLOOKUP(A:A,'staff sales'!C:AR,42,) -> 3 | U141: =VLOOKUP(A:A,'staff sales'!C:AU,45,) -> 27 | V141: =VLOOKUP(A:A,'staff sales'!C:AX,48,) -> 0 | W141: =VLOOKUP(A:A,'staff sales'!C:BA,51,) -> 2
... A165: 1046721559 | B165: بدور بداح حسن القحطانى | C165: Sales Agent | D165: Sales Agent | E165: XSER3730 | F165: XSER3730 | G165: Eastern & Northern | H165: Al Khobar | I165: الراشد مول | J165: 73002 | K165: =VLOOKUP(A:A,'staff sales'!C:Q,15,) -> 59453.92 | L165: =VLOOKUP(A:A,'staff sales'!C:T,18,) -> 3738.26 | M165: =VLOOKUP(A:A,'staff sales'!C:W,21,) -> 16986.53 | N165: =VLOOKUP(A:A,'staff sales'!C:Z,24,) -> 0 | O165: =VLOOKUP(A:A,'staff sales'!C:AC,27,) -> 5 | P165: =VLOOKUP(A:A,'staff sales'!C:AF,30,) -> 0 | Q165: =VLOOKUP(A:A,'staff sales'!C:AI,33,) -> 29 | R165: =VLOOKUP(A:A,'staff sales'!C:AL,36,) -> 0 | S165: =VLOOKUP(A:A,'staff sales'!C:AO,39,) -> 0 | T165: =VLOOKUP(A:A,'staff sales'!C:AR,42,) -> 3 | U165: =VLOOKUP(A:A,'staff sales'!C:AU,45,) -> 2 | V165: =VLOOKUP(A:A,'staff sales'!C:AX,48,) -> 0 | W165: =VLOOKUP(A:A,'staff sales'!C:BA,51,) -> 3
A166: 1046948137 | B166: مسلط بندر بريكان المريخي | C166: Area Manager | D166: Area Manager | E166: 0 | F166: 0 | G166: Eastern & Northern | H166: Jubail | I166: Administration | J166: Admin | K166: =VLOOKUP(A:A,'staff sales'!C:Q,15,) -> 0 | L166: =VLOOKUP(A:A,'staff sales'!C:T,18,) -> 0 | M166: =VLOOKUP(A:A,'staff sales'!C:W,21,) -> 0 | N166: =VLOOKUP(A:A,'staff sales'!C:Z,24,) -> 0 | O166: =VLOOKUP(A:A,'staff sales'!C:AC,27,) -> 0 | P166: =VLOOKUP(A:A,'staff sales'!C:AF,30,) -> 0 | Q166: =VLOOKUP(A:A,'staff sales'!C:AI,33,) -> 0 | R166: =VLOOKUP(A:A,'staff sales'!C:AL,36,) -> 0 | S166: =VLOOKUP(A:A,'staff sales'!C:AO,39,) -> 0 | T166: =VLOOKUP(A:A,'staff sales'!C:AR,42,) -> 0 | U166: =VLOOKUP(A:A,'staff sales'!C:AU,45,) -> 0 | V166: =VLOOKUP(A:A,'staff sales'!C:AX,48,) -> 0 | W166: =VLOOKUP(A:A,'staff sales'!C:BA,51,) -> 0
A167: 1050012028 | B167: فهد عبدالله عيد القحطاني | C167: Branch Manager | D167: Branch Manager | E167: XSER4522 | F167: XSER4522 | G167: Eastern & Northern | H167: Jubail | I167: الفناتير | J167: 73011 | K167: =VLOOKUP(A:A,'staff sales'!C:Q,15,) -> 0 | L167: =VLOOKUP(A:A,'staff sales'!C:T,18,) -> 0 | M167: =VLOOKUP(A:A,'staff sales'!C:W,21,) -> 0 | N167: =VLOOKUP(A:A,'staff sales'!C:Z,24,) -> 0 | O167: =VLOOKUP(A:A,'staff sales'!C:AC,27,) -> 0 | P167: =VLOOKUP(A:A,'staff sales'!C:AF,30,) -> 0 | Q167: =VLOOKUP(A:A,'staff sales'!C:AI,33,) -> 1 | R167: =VLOOKUP(A:A,'staff sales'!C:AL,36,) -> 0 | S167: =VLOOKUP(A:A,'staff sales'!C:AO,39,) -> 0 | T167: =VLOOKUP(A:A,'staff sales'!C:AR,42,) -> 0 | U167: =VLOOKUP(A:A,'staff sales'!C:AU,45,) -> 0 | V167: =VLOOKUP(A:A,'staff sales'!C:AX,48,) -> 0 | W167: =VLOOKUP(A:A,'staff sales'!C:BA,51,) -> 0
A168: 1051719266 | B168: طه حسين علي الصفار | C168: Branch Supervisor | D168: Branch Supervisor | E168: XSIS1323 | F168: XSIS1323 | G168: Eastern & Northern | H168: Jubail | I168: الفناتير | J168: 73011 | K168: =VLOOKUP(A:A,'staff sales'!C:Q,15,) -> 5400 | L168: =VLOOKUP(A:A,'staff sales'!C:T,18,) -> 0 | M168: =VLOOKUP(A:A,'staff sales'!C:W,21,) -> 2380.43 | N168: =VLOOKUP(A:A,'staff sales'!C:Z,24,) -> 0 | O168: =VLOOKUP(A:A,'staff sales'!C:AC,27,) -> 1 | P168: =VLOOKUP(A:A,'staff sales'!C:AF,30,) -> 0 | Q168: =VLOOKUP(A:A,'staff sales'!C:AI,33,) -> 13 | R168: =VLOOKUP(A:A,'staff sales'!C:AL,36,) -> 1 | S168: =VLOOKUP(A:A,'staff sales'!C:AO,39,) -> 2 | T168: =VLOOKUP(A:A,'staff sales'!C:AR,42,) -> 0 | U168: =VLOOKUP(A:A,'staff sales'!C:AU,45,) -> 1 | V168: =VLOOKUP(A:A,'staff sales'!C:AX,48,) -> 0 | W168: =VLOOKUP(A:A,'staff sales'!C:BA,51,) -> 0
A169: 1072831629 | B169: قاسم احمد هجلس | C169: Sales Agent | D169: Sales Agent | E169: XSER3351 | F169: EBU_XSER3351 | G169: Eastern & Northern | H169: Jubail | I169: الفناتير | J169: 73011 | K169: =VLOOKUP(A:A,'staff sales'!C:Q,15,) -> 137200.06 | L169: =VLOOKUP(A:A,'staff sales'!C:T,18,) -> 8349.57 | M169: =VLOOKUP(A:A,'staff sales'!C:W,21,) -> 24300.86 | N169: =VLOOKUP(A:A,'staff sales'!C:Z,24,) -> 0 | O169: =VLOOKUP(A:A,'staff sales'!C:AC,27,) -> 14 | P169: =VLOOKUP(A:A,'staff sales'!C:AF,30,) -> 1 | Q169: =VLOOKUP(A:A,'staff sales'!C:AI,33,) -> 125 | R169: =VLOOKUP(A:A,'staff sales'!C:AL,36,) -> 4 | S169: =VLOOKUP(A:A,'staff sales'!C:AO,39,) -> 2 | T169: =VLOOKUP(A:A,'staff sales'!C:AR,42,) -> 4 | U169: =VLOOKUP(A:A,'staff sales'!C:AU,45,) -> 1 | V169: =VLOOKUP(A:A,'staff sales'!C:AX,48,) -> 0 | W169: =VLOOKUP(A:A,'staff sales'!C:BA,51,) -> 0
A170: 1091887388 | B170: عبدالله جارالله عبدالله الزهراني | C170: Sales Agent | D170: Sales Agent | E170: XSER5465 | F170: XSER5465 | G170: Eastern & Northern | H170: Jubail | I170: الفناتير | J170: 73011 | K170: =VLOOKUP(A:A,'staff sales'!C:Q,15,) -> 26364.34 | L170: =VLOOKUP(A:A,'staff sales'!C:T,18,) -> 3390.44 | M170: =VLOOKUP(A:A,'staff sales'!C:W,21,) -> 4084.78 | N170: =VLOOKUP(A:A,'staff sales'!C:Z,24,) -> 0 | O170: =VLOOKUP(A:A,'staff sales'!C:AC,27,) -> 3 | P170: =VLOOKUP(A:A,'staff sales'!C:AF,30,) -> 0 | Q170: =VLOOKUP(A:A,'staff sales'!C:AI,33,) -> 20 | R170: =VLOOKUP(A:A,'staff sales'!C:AL,36,) -> 1 | S170: =VLOOKUP(A:A,'staff sales'!C:AO,39,) -> 1 | T170: =VLOOKUP(A:A,'staff sales'!C:AR,42,) -> 1 | U170: =VLOOKUP(A:A,'staff sales'!C:AU,45,) -> 0 | V170: =VLOOKUP(A:A,'staff sales'!C:AX,48,) -> 0 | W170: =VLOOKUP(A:A,'staff sales'!C:BA,51,) -> 0
A171: 1122522244 | B171: خالد خلف رقاد العنزي | C171: Sales Agent | D171: Sales Agent | E171: XSER3998 | F171: XSER3998 | G171: Eastern & Northern | H171: Jubail | I171: الفناتير | J171: 73011 | K171: =VLOOKUP(A:A,'staff sales'!C:Q,15,) -> 220706.15 | L171: =VLOOKUP(A:A,'staff sales'!C:T,18,) -> 9482.62 | M171: =VLOOKUP(A:A,'staff sales'!C:W,21,) -> 27690.85 | N171: =VLOOKUP(A:A,'staff sales'!C:Z,24,) -> 0 | O171: =VLOOKUP(A:A,'staff sales'!C:AC,27,) -> 9 | P171: =VLOOKUP(A:A,'staff sales'!C:AF,30,) -> 1 | Q171: =VLOOKUP(A:A,'staff sales'!C:AI,33,) -> 110 | R171: =VLOOKUP(A:A,'staff sales'!C:AL,36,) -> 5 | S171: =VLOOKUP(A:A,'staff sales'!C:AO,39,) -> 3 | T171: =VLOOKUP(A:A,'staff sales'!C:AR,42,) -> 2 | U171: =VLOOKUP(A:A,'staff sales'!C:AU,45,) -> 2 | V171: =VLOOKUP(A:A,'staff sales'!C:AX,48,) -> 0 | W171: =VLOOKUP(A:A,'staff sales'!C:BA,51,) -> 4
A172: 1094839089 | B172: محمد حمد حسين علي الزبادين | C172: Sales Agent | D172: Sales Agent | E172: XSER5449 | F172: XSER5449 | G172: Eastern & Northern | H172: Jubail | I172: الفناتير | J172: 73011 | K172: =VLOOKUP(A:A,'staff sales'!C:Q,15,) -> 71512.19 | L172: =VLOOKUP(A:A,'staff sales'!C:T,18,) -> 11171.31 | M172: =VLOOKUP(A:A,'staff sales'!C:W,21,) -> 4563.91 | N172: =VLOOKUP(A:A,'staff sales'!C:Z,24,) -> 2470 | O172: =VLOOKUP(A:A,'staff sales'!C:AC,27,) -> 18 | P172: =VLOOKUP(A:A,'staff sales'!C:AF,30,) -> 1 | Q172: =VLOOKUP(A:A,'staff sales'!C:AI,33,) -> 19 | R172: =VLOOKUP(A:A,'staff sales'!C:AL,36,) -> 1 | S172: =VLOOKUP(A:A,'staff sales'!C:AO,39,) -> 3 | T172: =VLOOKUP(A:A,'staff sales'!C:AR,42,) -> 3 | U172: =VLOOKUP(A:A,'staff sales'!C:AU,45,) -> 1 | V172: =VLOOKUP(A:A,'staff sales'!C:AX,48,) -> 0 | W172: =VLOOKUP(A:A,'staff sales'!C:BA,51,) -> 0
A173: 1085093654 | B173: عبدالله سفر محسن البقمي | C173: Sales Agent | D173: Sales Agent | E173: XSER5201 | F173: XSER5201 | G173: Eastern & Northern | H173: Jubail | I173: الفناتير | J173: 73011 | K173: =VLOOKUP(A:A,'staff sales'!C:Q,15,) -> 186050.47 | L173: =VLOOKUP(A:A,'staff sales'!C:T,18,) -> 20886.08 | M173: =VLOOKUP(A:A,'staff sales'!C:W,21,) -> 55835.01 | N173: =VLOOKUP(A:A,'staff sales'!C:Z,24,) -> 0 | O173: =VLOOKUP(A:A,'staff sales'!C:AC,27,) -> 15 | P173: =VLOOKUP(A:A,'staff sales'!C:AF,30,) -> 1 | Q173: =VLOOKUP(A:A,'staff sales'!C:AI,33,) -> 99 | R173: =VLOOKUP(A:A,'staff sales'!C:AL,36,) -> 1 | S173: =VLOOKUP(A:A,'staff sales'!C:AO,39,) -> 3 | T173: =VLOOKUP(A:A,'staff sales'!C:AR,42,) -> 5 | U173: =VLOOKUP(A:A,'staff sales'!C:AU,45,) -> 4 | V173: =VLOOKUP(A:A,'staff sales'!C:AX,48,) -> 0 | W173: =VLOOKUP(A:A,'staff sales'!C:BA,51,) -> 23
A174: 1062485147 | B174: فيصل محمد لزام الشمري | C174: Branch Supervisor | D174: Branch Supervisor | E174: XSIS1281 | F174: XSIS1281 | G174: Eastern & Northern | H174: Jubail | I174: الفناتير | J174: 73011 | K174: =VLOOKUP(A:A,'staff sales'!C:Q,15,) -> 5825.22 | L174: =VLOOKUP(A:A,'staff sales'!C:T,18,) -> 0 | M174: =VLOOKUP(A:A,'staff sales'!C:W,21,) -> 0 | N174: =VLOOKUP(A:A,'staff sales'!C:Z,24,) -> 0 | O174: =VLOOKUP(A:A,'staff sales'!C:AC,27,) -> 1 | P174: =VLOOKUP(A:A,'staff sales'!C:AF,30,) -> 1 | Q174: =VLOOKUP(A:A,'staff sales'!C:AI,33,) -> 4 | R174: =VLOOKUP(A:A,'staff sales'!C:AL,36,) -> 0 | S174: =VLOOKUP(A:A,'staff sales'!C:AO,39,) -> 1 | T174: =VLOOKUP(A:A,'staff sales'!C:AR,42,) -> 0 | U174: =VLOOKUP(A:A,'staff sales'!C:AU,45,) -> 0 | V174: =VLOOKUP(A:A,'staff sales'!C:AX,48,) -> 0 | W174: =VLOOKUP(A:A,'staff sales'!C:BA,51,) -> 0
A175: 1078297759 | B175: عبدالله ناصر عبدالله العجمي | C175: Sales Agent | D175: Sales Agent | E175: XSER5540 | F175: XSER5540 | G175: Eastern & Northern | H175: Jubail | I175: الفناتير | J175: 73011 | K175: =VLOOKUP(A:A,'staff sales'!C:Q,15,) -> 95650.45 | L175: =VLOOKUP(A:A,'staff sales'!C:T,18,) -> 2934.49 | M175: =VLOOKUP(A:A,'staff sales'!C:W,21,) -> 21775.46 | N175: =VLOOKUP(A:A,'staff sales'!C:Z,24,) -> 0 | O175: =VLOOKUP(A:A,'staff sales'!C:AC,27,) -> 7 | P175: =VLOOKUP(A:A,'staff sales'!C:AF,30,) -> 2 | Q175: =VLOOKUP(A:A,'staff sales'!C:AI,33,) -> 89 | R175: =VLOOKUP(A:A,'staff sales'!C:AL,36,) -> 2 | S175: =VLOOKUP(A:A,'staff sales'!C:AO,39,) -> 3 | T175: =VLOOKUP(A:A,'staff sales'!C:AR,42,) -> 2 | U175: =VLOOKUP(A:A,'staff sales'!C:AU,45,) -> 1 | V175: =VLOOKUP(A:A,'staff sales'!C:AX,48,) -> 0 | W175: =VLOOKUP(A:A,'staff sales'!C:BA,51,) -> 3
A176: 1067502060 | B176: احمد سالم احمد الشهري | C176: Sales Agent | D176: Sales Agent | E176: XSER5446 | F176: XSER5446 | G176: Eastern & Northern | H176: Jubail | I176: الفناتير | J176: 73011 | K176: =VLOOKUP(A:A,'staff sales'!C:Q,15,) -> 108623.52 | L176: =VLOOKUP(A:A,'staff sales'!C:T,18,) -> 3564.35 | M176: =VLOOKUP(A:A,'staff sales'!C:W,21,) -> 12309.13 | N176: =VLOOKUP(A:A,'staff sales'!C:Z,24,) -> 0 | O176: =VLOOKUP(A:A,'staff sales'!C:AC,27,) -> 6 | P176: =VLOOKUP(A:A,'staff sales'!C:AF,30,) -> 0 | Q176: =VLOOKUP(A:A,'staff sales'!C:AI,33,) -> 61 | R176: =VLOOKUP(A:A,'staff sales'!C:AL,36,) -> 0 | S176: =VLOOKUP(A:A,'staff sales'!C:AO,39,) -> 1 | T176: =VLOOKUP(A:A,'staff sales'!C:AR,42,) -> 3 | U176: =VLOOKUP(A:A,'staff sales'!C:AU,45,) -> 2 | V176: =VLOOKUP(A:A,'staff sales'!C:AX,48,) -> 0 | W176: =VLOOKUP(A:A,'staff sales'!C:BA,51,) -> 1
A177: 1088445323 | B177: ناصر حمد اليامي | C177: Sales Agent | D177: Sales Agent | E177: XSER3955 | F177: XSER3955 | G177: Eastern & Northern | H177: Jubail | I177: الفناتير | J177: 73011 | K177: =VLOOKUP(A:A,'staff sales'!C:Q,15,) -> 223023.48 | L177: =VLOOKUP(A:A,'staff sales'!C:T,18,) -> 11212.72 | M177: =VLOOKUP(A:A,'staff sales'!C:W,21,) -> 33092.9 | N177: =VLOOKUP(A:A,'staff sales'!C:Z,24,) -> 0 | O177: =VLOOKUP(A:A,'staff sales'!C:AC,27,) -> 12 | P177: =VLOOKUP(A:A,'staff sales'!C:AF,30,) -> 2 | Q177: =VLOOKUP(A:A,'staff sales'!C:AI,33,) -> 172 | R177: =VLOOKUP(A:A,'staff sales'!C:AL,36,) -> 4 | S177: =VLOOKUP(A:A,'staff sales'!C:AO,39,) -> 0 | T177: =VLOOKUP(A:A,'staff sales'!C:AR,42,) -> 0 | U177: =VLOOKUP(A:A,'staff sales'!C:AU,45,) -> 2 | V177: =VLOOKUP(A:A,'staff sales'!C:AX,48,) -> 0 | W177: =VLOOKUP(A:A,'staff sales'!C:BA,51,) -> 1
A178: 1087908651 | B178: مشعل امين محمد الزعبي | C178: Sales Agent | D178: Sales Agent | E178: xser5526 | F178: xser5526 | G178: Eastern & Northern | H178: Jubail | I178: الفناتير | J178: 73011 | K178: =VLOOKUP(A:A,'staff sales'!C:Q,15,) -> 177248.75 | L178: =VLOOKUP(A:A,'staff sales'!C:T,18,) -> 19573.7 | M178: =VLOOKUP(A:A,'staff sales'!C:W,21,) -> 16086.29 | N178: =VLOOKUP(A:A,'staff sales'!C:Z,24,) -> 0 | O178: =VLOOKUP(A:A,'staff sales'!C:AC,27,) -> 16 | P178: =VLOOKUP(A:A,'staff sales'!C:AF,30,) -> 1 | Q178: =VLOOKUP(A:A,'staff sales'!C:AI,33,) -> 121 | R178: =VLOOKUP(A:A,'staff sales'!C:AL,36,) -> 1 | S178: =VLOOKUP(A:A,'staff sales'!C:AO,39,) -> 6 | T178: =VLOOKUP(A:A,'staff sales'!C:AR,42,) -> 2 | U178: =VLOOKUP(A:A,'staff sales'!C:AU,45,) -> 7 | V178: =VLOOKUP(A:A,'staff sales'!C:AX,48,) -> 0 | W178: =VLOOKUP(A:A,'staff sales'!C:BA,51,) -> 1
... A187: 1049143066 | B187: علي ماطر علي الشمري | C187: Sales Agent | D187: Sales Agent | E187: XSER4487 | F187: XSER4487 | G187: Eastern & Northern | H187: Jubail | I187: النعيرية | J187: 73013 | K187: =VLOOKUP(A:A,'staff sales'!C:Q,15,) -> 125322.65 | L187: =VLOOKUP(A:A,'staff sales'!C:T,18,) -> 10171.3 | M187: =VLOOKUP(A:A,'staff sales'!C:W,21,) -> 27475.66 | N187: =VLOOKUP(A:A,'staff sales'!C:Z,24,) -> 0 | O187: =VLOOKUP(A:A,'staff sales'!C:AC,27,) -> 11 | P187: =VLOOKUP(A:A,'staff sales'!C:AF,30,) -> 0 | Q187: =VLOOKUP(A:A,'staff sales'!C:AI,33,) -> 60 | R187: =VLOOKUP(A:A,'staff sales'!C:AL,36,) -> 11 | S187: =VLOOKUP(A:A,'staff sales'!C:AO,39,) -> 1 | T187: =VLOOKUP(A:A,'staff sales'!C:AR,42,) -> 18 | U187: =VLOOKUP(A:A,'staff sales'!C:AU,45,) -> 0 | V187: =VLOOKUP(A:A,'staff sales'!C:AX,48,) -> 0 | W187: =VLOOKUP(A:A,'staff sales'!C:BA,51,) -> 10
A188: 0 | B188: Dummy | C188: Branch Manager | D188: Branch Manager | E188: 0 | F188: 0 | G188: Eastern & Northern | H188: Jubail | I188: قرية العليا | J188: 73014 | K188: =VLOOKUP(A:A,'staff sales'!C:Q,15,) -> 0 | L188: =VLOOKUP(A:A,'staff sales'!C:T,18,) -> 0 | M188: =VLOOKUP(A:A,'staff sales'!C:W,21,) -> 0 | N188: =VLOOKUP(A:A,'staff sales'!C:Z,24,) -> 0 | O188: =VLOOKUP(A:A,'staff sales'!C:AC,27,) -> 0 | P188: =VLOOKUP(A:A,'staff sales'!C:AF,30,) -> 0 | Q188: =VLOOKUP(A:A,'staff sales'!C:AI,33,) -> 0 | R188: =VLOOKUP(A:A,'staff sales'!C:AL,36,) -> 0 | S188: =VLOOKUP(A:A,'staff sales'!C:AO,39,) -> 0 | T188: =VLOOKUP(A:A,'staff sales'!C:AR,42,) -> 0 | U188: =VLOOKUP(A:A,'staff sales'!C:AU,45,) -> 0 | V188: =VLOOKUP(A:A,'staff sales'!C:AX,48,) -> 0 | W188: =VLOOKUP(A:A,'staff sales'!C:BA,51,) -> 0
A189: 1048870875 | B189: عبدالله سعد محمد المطيري | C189: Branch Supervisor | D189: Branch Supervisor | E189: XSER4409 | F189: XSER4409 | G189: Eastern & Northern | H189: Jubail | I189: قرية العليا | J189: 73014 | K189: =VLOOKUP(A:A,'staff sales'!C:Q,15,) -> 0 | L189: =VLOOKUP(A:A,'staff sales'!C:T,18,) -> 0 | M189: =VLOOKUP(A:A,'staff sales'!C:W,21,) -> 0 | N189: =VLOOKUP(A:A,'staff sales'!C:Z,24,) -> 0 | O189: =VLOOKUP(A:A,'staff sales'!C:AC,27,) -> 0 | P189: =VLOOKUP(A:A,'staff sales'!C:AF,30,) -> 0 | Q189: =VLOOKUP(A:A,'staff sales'!C:AI,33,) -> 0 | R189: =VLOOKUP(A:A,'staff sales'!C:AL,36,) -> 0 | S189: =VLOOKUP(A:A,'staff sales'!C:AO,39,) -> 0 | T189: =VLOOKUP(A:A,'staff sales'!C:AR,42,) -> 0 | U189: =VLOOKUP(A:A,'staff sales'!C:AU,45,) -> 0 | V189: =VLOOKUP(A:A,'staff sales'!C:AX,48,) -> 0 | W189: =VLOOKUP(A:A,'staff sales'!C:BA,51,) -> 0
A190: 1028041018 | B190: هزاع مطلق رديني المطيري | C190: Sales Agent | D190: Sales Agent | E190: XSER4793 | F190: XSER4793 | G190: Eastern & Northern | H190: Jubail | I190: قرية العليا | J190: 73014 | K190: =VLOOKUP(A:A,'staff sales'!C:Q,15,) -> 60560.05 | L190: =VLOOKUP(A:A,'staff sales'!C:T,18,) -> 4866.08 | M190: =VLOOKUP(A:A,'staff sales'!C:W,21,) -> 11713.48 | N190: =VLOOKUP(A:A,'staff sales'!C:Z,24,) -> 0 | O190: =VLOOKUP(A:A,'staff sales'!C:AC,27,) -> 1 | P190: =VLOOKUP(A:A,'staff sales'!C:AF,30,) -> 0 | Q190: =VLOOKUP(A:A,'staff sales'!C:AI,33,) -> 39 | R190: =VLOOKUP(A:A,'staff sales'!C:AL,36,) -> 2 | S190: =VLOOKUP(A:A,'staff sales'!C:AO,39,) -> 1 | T190: =VLOOKUP(A:A,'staff sales'!C:AR,42,) -> 3 | U190: =VLOOKUP(A:A,'staff sales'!C:AU,45,) -> 1 | V190: =VLOOKUP(A:A,'staff sales'!C:AX,48,) -> 0 | W190: =VLOOKUP(A:A,'staff sales'!C:BA,51,) -> 0
A191: 1057592089 | B191: سليم دهش سليم الخالدي | C191: Sales Agent | D191: Sales Agent | E191: XSIS0131 | F191: EBU_XSIS0131 | G191: Eastern & Northern | H191: Jubail | I191: قرية العليا | J191: 73014 | K191: =VLOOKUP(A:A,'staff sales'!C:Q,15,) -> 36892.2 | L191: =VLOOKUP(A:A,'staff sales'!C:T,18,) -> 1216.52 | M191: =VLOOKUP(A:A,'staff sales'!C:W,21,) -> 4690.87 | N191: =VLOOKUP(A:A,'staff sales'!C:Z,24,) -> 0 | O191: =VLOOKUP(A:A,'staff sales'!C:AC,27,) -> 1 | P191: =VLOOKUP(A:A,'staff sales'!C:AF,30,) -> 0 | Q191: =VLOOKUP(A:A,'staff sales'!C:AI,33,) -> 38 | R191: =VLOOKUP(A:A,'staff sales'!C:AL,36,) -> 3 | S191: =VLOOKUP(A:A,'staff sales'!C:AO,39,) -> 1 | T191: =VLOOKUP(A:A,'staff sales'!C:AR,42,) -> 1 | U191: =VLOOKUP(A:A,'staff sales'!C:AU,45,) -> 0 | V191: =VLOOKUP(A:A,'staff sales'!C:AX,48,) -> 0 | W191: =VLOOKUP(A:A,'staff sales'!C:BA,51,) -> 0
A192: 1057857342 | B192: محمد خالد الحويلي المطيري | C192: Sales Agent | D192: Sales Agent | E192: XSIS0362 | F192: EBU_XSIS0362 | G192: Eastern & Northern | H192: Jubail | I192: قرية العليا | J192: 73014 | K192: =VLOOKUP(A:A,'staff sales'!C:Q,15,) -> 43677.42 | L192: =VLOOKUP(A:A,'staff sales'!C:T,18,) -> 6844.35 | M192: =VLOOKUP(A:A,'staff sales'!C:W,21,) -> 10641.3 | N192: =VLOOKUP(A:A,'staff sales'!C:Z,24,) -> 0 | O192: =VLOOKUP(A:A,'staff sales'!C:AC,27,) -> 2 | P192: =VLOOKUP(A:A,'staff sales'!C:AF,30,) -> 0 | Q192: =VLOOKUP(A:A,'staff sales'!C:AI,33,) -> 16 | R192: =VLOOKUP(A:A,'staff sales'!C:AL,36,) -> 2 | S192: =VLOOKUP(A:A,'staff sales'!C:AO,39,) -> 0 | T192: =VLOOKUP(A:A,'staff sales'!C:AR,42,) -> 1 | U192: =VLOOKUP(A:A,'staff sales'!C:AU,45,) -> 1 | V192: =VLOOKUP(A:A,'staff sales'!C:AX,48,) -> 0 | W192: =VLOOKUP(A:A,'staff sales'!C:BA,51,) -> 2
A193: 1068180684 | B193: بدر راشد الرويبخ العتيبي | C193: Sales Agent | D193: Sales Agent | E193: XSER4129 | F193: XSER4129 | G193: Eastern & Northern | H193: Jubail | I193: قرية العليا | J193: 73014 | K193: =VLOOKUP(A:A,'staff sales'!C:Q,15,) -> 31935.66 | L193: =VLOOKUP(A:A,'staff sales'!C:T,18,) -> 1216.52 | M193: =VLOOKUP(A:A,'staff sales'!C:W,21,) -> 4660.87 | N193: =VLOOKUP(A:A,'staff sales'!C:Z,24,) -> 0 | O193: =VLOOKUP(A:A,'staff sales'!C:AC,27,) -> 0 | P193: =VLOOKUP(A:A,'staff sales'!C:AF,30,) -> 1 | Q193: =VLOOKUP(A:A,'staff sales'!C:AI,33,) -> 39 | R193: =VLOOKUP(A:A,'staff sales'!C:AL,36,) -> 3 | S193: =VLOOKUP(A:A,'staff sales'!C:AO,39,) -> 0 | T193: =VLOOKUP(A:A,'staff sales'!C:AR,42,) -> 0 | U193: =VLOOKUP(A:A,'staff sales'!C:AU,45,) -> 0 | V193: =VLOOKUP(A:A,'staff sales'!C:AX,48,) -> 0 | W193: =VLOOKUP(A:A,'staff sales'!C:BA,51,) -> 0
A194: 1044656633 | B194: بندر فلاح حاكم الدويش | C194: Sales Agent | D194: Sales Agent | E194: XSER4149 | F194: XSER4149 | G194: Eastern & Northern | H194: Jubail | I194: قرية العليا | J194: 73014 | K194: =VLOOKUP(A:A,'staff sales'!C:Q,15,) -> 59083.5 | L194: =VLOOKUP(A:A,'staff sales'!C:T,18,) -> 7475.66 | M194: =VLOOKUP(A:A,'staff sales'!C:W,21,) -> 14145.23 | N194: =VLOOKUP(A:A,'staff sales'!C:Z,24,) -> 0 | O194: =VLOOKUP(A:A,'staff sales'!C:AC,27,) -> 6 | P194: =VLOOKUP(A:A,'staff sales'!C:AF,30,) -> 1 | Q194: =VLOOKUP(A:A,'staff sales'!C:AI,33,) -> 33 | R194: =VLOOKUP(A:A,'staff sales'!C:AL,36,) -> 1 | S194: =VLOOKUP(A:A,'staff sales'!C:AO,39,) -> 1 | T194: =VLOOKUP(A:A,'staff sales'!C:AR,42,) -> 2 | U194: =VLOOKUP(A:A,'staff sales'!C:AU,45,) -> 0 | V194: =VLOOKUP(A:A,'staff sales'!C:AX,48,) -> 0 | W194: =VLOOKUP(A:A,'staff sales'!C:BA,51,) -> 0
A195: 1044200820 | B195: محمد عبدالله طامي المطيري | C195: Sales Agent | D195: Sales Agent | E195: XSER4649 | F195: XSER4649 | G195: Eastern & Northern | H195: Jubail | I195: قرية العليا | J195: 73014 | K195: =VLOOKUP(A:A,'staff sales'!C:Q,15,) -> 61197.44 | L195: =VLOOKUP(A:A,'staff sales'!C:T,18,) -> 4866.08 | M195: =VLOOKUP(A:A,'staff sales'!C:W,21,) -> 18180.35 | N195: =VLOOKUP(A:A,'staff sales'!C:Z,24,) -> 0 | O195: =VLOOKUP(A:A,'staff sales'!C:AC,27,) -> 4 | P195: =VLOOKUP(A:A,'staff sales'!C:AF,30,) -> 0 | Q195: =VLOOKUP(A:A,'staff sales'!C:AI,33,) -> 32 | R195: =VLOOKUP(A:A,'staff sales'!C:AL,36,) -> 4 | S195: =VLOOKUP(A:A,'staff sales'!C:AO,39,) -> 0 | T195: =VLOOKUP(A:A,'staff sales'!C:AR,42,) -> 4 | U195: =VLOOKUP(A:A,'staff sales'!C:AU,45,) -> 0 | V195: =VLOOKUP(A:A,'staff sales'!C:AX,48,) -> 0 | W195: =VLOOKUP(A:A,'staff sales'!C:BA,51,) -> 3
A196: 1028584595 | B196: مطلق ناصر طامي المطيري | C196: Sales Agent | D196: Sales Agent | E196: XSER4712 | F196: XSER4712 | G196: Eastern & Northern | H196: Jubail | I196: قرية العليا | J196: 73014 | K196: =VLOOKUP(A:A,'staff sales'!C:Q,15,) -> 32440.89 | L196: =VLOOKUP(A:A,'staff sales'!C:T,18,) -> 7200 | M196: =VLOOKUP(A:A,'staff sales'!C:W,21,) -> 7134.35 | N196: =VLOOKUP(A:A,'staff sales'!C:Z,24,) -> 0 | O196: =VLOOKUP(A:A,'staff sales'!C:AC,27,) -> 3 | P196: =VLOOKUP(A:A,'staff sales'!C:AF,30,) -> 1 | Q196: =VLOOKUP(A:A,'staff sales'!C:AI,33,) -> 32 | R196: =VLOOKUP(A:A,'staff sales'!C:AL,36,) -> 2 | S196: =VLOOKUP(A:A,'staff sales'!C:AO,39,) -> 1 | T196: =VLOOKUP(A:A,'staff sales'!C:AR,42,) -> 3 | U196: =VLOOKUP(A:A,'staff sales'!C:AU,45,) -> 0 | V196: =VLOOKUP(A:A,'staff sales'!C:AX,48,) -> 0 | W196: =VLOOKUP(A:A,'staff sales'!C:BA,51,) -> 1
A197: 1123088518 | B197: عبدالعزيز عطيه شبيط العنزي | C197: Branch Manager | D197: Branch Manager | E197: XSER3900 | F197: XSER3900 | G197: Eastern & Northern | H197: Jubail | I197: الجبيل البلد | J197: 73024 | K197: =VLOOKUP(A:A,'staff sales'!C:Q,15,) -> 0 | L197: =VLOOKUP(A:A,'staff sales'!C:T,18,) -> 0 | M197: =VLOOKUP(A:A,'staff sales'!C:W,21,) -> 0 | N197: =VLOOKUP(A:A,'staff sales'!C:Z,24,) -> 0 | O197: =VLOOKUP(A:A,'staff sales'!C:AC,27,) -> 0 | P197: =VLOOKUP(A:A,'staff sales'!C:AF,30,) -> 0 | Q197: =VLOOKUP(A:A,'staff sales'!C:AI,33,) -> 2 | R197: =VLOOKUP(A:A,'staff sales'!C:AL,36,) -> 0 | S197: =VLOOKUP(A:A,'staff sales'!C:AO,39,) -> 3 | T197: =VLOOKUP(A:A,'staff sales'!C:AR,42,) -> 0 | U197: =VLOOKUP(A:A,'staff sales'!C:AU,45,) -> 0 | V197: =VLOOKUP(A:A,'staff sales'!C:AX,48,) -> 0 | W197: =VLOOKUP(A:A,'staff sales'!C:BA,51,) -> 0
A198: 1058083260 | B198: سعيد فهد ناصر الدوسري | C198: Branch Supervisor | D198: Branch Supervisor | E198: XSER0812 | F198: EBU_XSER0812 | G198: Eastern & Northern | H198: Jubail | I198: الجبيل البلد | J198: 73024 | K198: =VLOOKUP(A:A,'staff sales'!C:Q,15,) -> 0 | L198: =VLOOKUP(A:A,'staff sales'!C:T,18,) -> 0 | M198: =VLOOKUP(A:A,'staff sales'!C:W,21,) -> 0 | N198: =VLOOKUP(A:A,'staff sales'!C:Z,24,) -> 0 | O198: =VLOOKUP(A:A,'staff sales'!C:AC,27,) -> 0 | P198: =VLOOKUP(A:A,'staff sales'!C:AF,30,) -> 0 | Q198: =VLOOKUP(A:A,'staff sales'!C:AI,33,) -> 0 | R198: =VLOOKUP(A:A,'staff sales'!C:AL,36,) -> 0 | S198: =VLOOKUP(A:A,'staff sales'!C:AO,39,) -> 2 | T198: =VLOOKUP(A:A,'staff sales'!C:AR,42,) -> 0 | U198: =VLOOKUP(A:A,'staff sales'!C:AU,45,) -> 0 | V198: =VLOOKUP(A:A,'staff sales'!C:AX,48,) -> 0 | W198: =VLOOKUP(A:A,'staff sales'!C:BA,51,) -> 0
A199: 1029769542 | B199: زكريا علي سعيد الغامدي | C199: Sales Agent | D199: Sales Agent | E199: XSER4264 | F199: XSER4264 | G199: Eastern & Northern | H199: Jubail | I199: الجبيل البلد | J199: 73024 | K199: =VLOOKUP(A:A,'staff sales'!C:Q,15,) -> 191991.34 | L199: =VLOOKUP(A:A,'staff sales'!C:T,18,) -> 10171.3 | M199: =VLOOKUP(A:A,'staff sales'!C:W,21,) -> 34894.77 | N199: =VLOOKUP(A:A,'staff sales'!C:Z,24,) -> 0 | O199: =VLOOKUP(A:A,'staff sales'!C:AC,27,) -> 27 | P199: =VLOOKUP(A:A,'staff sales'!C:AF,30,) -> 1 | Q199: =VLOOKUP(A:A,'staff sales'!C:AI,33,) -> 40 | R199: =VLOOKUP(A:A,'staff sales'!C:AL,36,) -> 0 | S199: =VLOOKUP(A:A,'staff sales'!C:AO,39,) -> 7 | T199: =VLOOKUP(A:A,'staff sales'!C:AR,42,) -> 10 | U199: =VLOOKUP(A:A,'staff sales'!C:AU,45,) -> 4 | V199: =VLOOKUP(A:A,'staff sales'!C:AX,48,) -> 0 | W199: =VLOOKUP(A:A,'staff sales'!C:BA,51,) -> 4
A200: 1047519184 | B200: عمر فهيد عقيل الحربي | C200: Sales Agent | D200: Sales Agent | E200: XSER1669 | F200: EBU_XSER1669 | G200: Eastern & Northern | H200: Jubail | I200: الجبيل البلد | J200: 73024 | K200: =VLOOKUP(A:A,'staff sales'!C:Q,15,) -> 97509.59 | L200: =VLOOKUP(A:A,'staff sales'!C:T,18,) -> 0 | M200: =VLOOKUP(A:A,'staff sales'!C:W,21,) -> 9346.96 | N200: =VLOOKUP(A:A,'staff sales'!C:Z,24,) -> 0 | O200: =VLOOKUP(A:A,'staff sales'!C:AC,27,) -> 8 | P200: =VLOOKUP(A:A,'staff sales'!C:AF,30,) -> 1 | Q200: =VLOOKUP(A:A,'staff sales'!C:AI,33,) -> 52 | R200: =VLOOKUP(A:A,'staff sales'!C:AL,36,) -> 0 | S200: =VLOOKUP(A:A,'staff sales'!C:AO,39,) -> 15 | T200: =VLOOKUP(A:A,'staff sales'!C:AR,42,) -> 4 | U200: =VLOOKUP(A:A,'staff sales'!C:AU,45,) -> 6 | V200: =VLOOKUP(A:A,'staff sales'!C:AX,48,) -> 0 | W200: =VLOOKUP(A:A,'staff sales'!C:BA,51,) -> 0
... A249: 1058897529 | B249: سعد مناحي عايض المطيري | C249: Sales Agent | D249: Sales Agent | E249: XSER4290 | F249: XSER4290 | G249: Eastern & Northern | H249: Jubail | I249: حفر الباطن الوطنية | J249: 73036 | K249: =VLOOKUP(A:A,'staff sales'!C:Q,15,) -> 113050.45 | L249: =VLOOKUP(A:A,'staff sales'!C:T,18,) -> 564.35 | M249: =VLOOKUP(A:A,'staff sales'!C:W,21,) -> 15660.88 | N249: =VLOOKUP(A:A,'staff sales'!C:Z,24,) -> 0 | O249: =VLOOKUP(A:A,'staff sales'!C:AC,27,) -> 14 | P249: =VLOOKUP(A:A,'staff sales'!C:AF,30,) -> 2 | Q249: =VLOOKUP(A:A,'staff sales'!C:AI,33,) -> 56 | R249: =VLOOKUP(A:A,'staff sales'!C:AL,36,) -> 1 | S249: =VLOOKUP(A:A,'staff sales'!C:AO,39,) -> 1 | T249: =VLOOKUP(A:A,'staff sales'!C:AR,42,) -> 4 | U249: =VLOOKUP(A:A,'staff sales'!C:AU,45,) -> 2 | V249: =VLOOKUP(A:A,'staff sales'!C:AX,48,) -> 0 | W249: =VLOOKUP(A:A,'staff sales'!C:BA,51,) -> 7
A250: 1010732418 | B250: محمد سالم غدير العنزي | C250: Area Manager | D250: Area Manager | E250: XSER4625 | F250: 0 | G250: Eastern & Northern | H250: North Area | I250: Administration | J250: Admin | K250: =VLOOKUP(A:A,'staff sales'!C:Q,15,) -> 0 | L250: =VLOOKUP(A:A,'staff sales'!C:T,18,) -> 0 | M250: =VLOOKUP(A:A,'staff sales'!C:W,21,) -> 0 | N250: =VLOOKUP(A:A,'staff sales'!C:Z,24,) -> 0 | O250: =VLOOKUP(A:A,'staff sales'!C:AC,27,) -> 0 | P250: =VLOOKUP(A:A,'staff sales'!C:AF,30,) -> 0 | Q250: =VLOOKUP(A:A,'staff sales'!C:AI,33,) -> 0 | R250: =VLOOKUP(A:A,'staff sales'!C:AL,36,) -> 0 | S250: =VLOOKUP(A:A,'staff sales'!C:AO,39,) -> 0 | T250: =VLOOKUP(A:A,'staff sales'!C:AR,42,) -> 0 | U250: =VLOOKUP(A:A,'staff sales'!C:AU,45,) -> 0 | V250: =VLOOKUP(A:A,'staff sales'!C:AX,48,) -> 0 | W250: =VLOOKUP(A:A,'staff sales'!C:BA,51,) -> 0
A251: 1046997373 | B251: حسن خالد الرويلي | C251: Branch Manager | D251: Branch Manager | E251: XSER4190 | F251: XSER4190 | G251: Eastern & Northern | H251: Al jouf | I251: سكاكا القلعه | J251: 75001 | K251: =VLOOKUP(A:A,'staff sales'!C:Q,15,) -> 0 | L251: =VLOOKUP(A:A,'staff sales'!C:T,18,) -> 0 | M251: =VLOOKUP(A:A,'staff sales'!C:W,21,) -> 0 | N251: =VLOOKUP(A:A,'staff sales'!C:Z,24,) -> 0 | O251: =VLOOKUP(A:A,'staff sales'!C:AC,27,) -> 2 | P251: =VLOOKUP(A:A,'staff sales'!C:AF,30,) -> 0 | Q251: =VLOOKUP(A:A,'staff sales'!C:AI,33,) -> 0 | R251: =VLOOKUP(A:A,'staff sales'!C:AL,36,) -> 0 | S251: =VLOOKUP(A:A,'staff sales'!C:AO,39,) -> 0 | T251: =VLOOKUP(A:A,'staff sales'!C:AR,42,) -> 0 | U251: =VLOOKUP(A:A,'staff sales'!C:AU,45,) -> 0 | V251: =VLOOKUP(A:A,'staff sales'!C:AX,48,) -> 0 | W251: =VLOOKUP(A:A,'staff sales'!C:BA,51,) -> 0
A252: 1092800372 | B252: عمر سعد الضلي | C252: Branch Supervisor | D252: Branch Supervisor | E252: XSER3949 | F252: XSER3949 | G252: Eastern & Northern | H252: Al jouf | I252: سكاكا القلعه | J252: 75001 | K252: =VLOOKUP(A:A,'staff sales'!C:Q,15,) -> 0 | L252: =VLOOKUP(A:A,'staff sales'!C:T,18,) -> 0 | M252: =VLOOKUP(A:A,'staff sales'!C:W,21,) -> 0 | N252: =VLOOKUP(A:A,'staff sales'!C:Z,24,) -> 0 | O252: =VLOOKUP(A:A,'staff sales'!C:AC,27,) -> 0 | P252: =VLOOKUP(A:A,'staff sales'!C:AF,30,) -> 0 | Q252: =VLOOKUP(A:A,'staff sales'!C:AI,33,) -> 0 | R252: =VLOOKUP(A:A,'staff sales'!C:AL,36,) -> 0 | S252: =VLOOKUP(A:A,'staff sales'!C:AO,39,) -> 0 | T252: =VLOOKUP(A:A,'staff sales'!C:AR,42,) -> 0 | U252: =VLOOKUP(A:A,'staff sales'!C:AU,45,) -> 0 | V252: =VLOOKUP(A:A,'staff sales'!C:AX,48,) -> 0 | W252: =VLOOKUP(A:A,'staff sales'!C:BA,51,) -> 0
A253: 1053538888 | B253: سلمان يوسف البراهيم | C253: Sales Agent | D253: Sales Agent | E253: XSER1968 | F253: EBU_XSER1968 | G253: Eastern & Northern | H253: Al jouf | I253: سكاكا القلعه | J253: 75001 | K253: =VLOOKUP(A:A,'staff sales'!C:Q,15,) -> 103992.2 | L253: =VLOOKUP(A:A,'staff sales'!C:T,18,) -> 3194.79 | M253: =VLOOKUP(A:A,'staff sales'!C:W,21,) -> 8206.95 | N253: =VLOOKUP(A:A,'staff sales'!C:Z,24,) -> 0 | O253: =VLOOKUP(A:A,'staff sales'!C:AC,27,) -> 7 | P253: =VLOOKUP(A:A,'staff sales'!C:AF,30,) -> 1 | Q253: =VLOOKUP(A:A,'staff sales'!C:AI,33,) -> 73 | R253: =VLOOKUP(A:A,'staff sales'!C:AL,36,) -> 1 | S253: =VLOOKUP(A:A,'staff sales'!C:AO,39,) -> 0 | T253: =VLOOKUP(A:A,'staff sales'!C:AR,42,) -> 2 | U253: =VLOOKUP(A:A,'staff sales'!C:AU,45,) -> 0 | V253: =VLOOKUP(A:A,'staff sales'!C:AX,48,) -> 0 | W253: =VLOOKUP(A:A,'staff sales'!C:BA,51,) -> 1
A254: 1044383923 | B254: رامي أنور الزارع | C254: Sales Agent | D254: Sales Agent | E254: XSIS1290 | F254: XSIS1290 | G254: Eastern & Northern | H254: Al jouf | I254: سكاكا القلعه | J254: 75001 | K254: =VLOOKUP(A:A,'staff sales'!C:Q,15,) -> 126793.11 | L254: =VLOOKUP(A:A,'staff sales'!C:T,18,) -> 9658.26 | M254: =VLOOKUP(A:A,'staff sales'!C:W,21,) -> 15118.26 | N254: =VLOOKUP(A:A,'staff sales'!C:Z,24,) -> 0 | O254: =VLOOKUP(A:A,'staff sales'!C:AC,27,) -> 11 | P254: =VLOOKUP(A:A,'staff sales'!C:AF,30,) -> 2 | Q254: =VLOOKUP(A:A,'staff sales'!C:AI,33,) -> 84 | R254: =VLOOKUP(A:A,'staff sales'!C:AL,36,) -> 1 | S254: =VLOOKUP(A:A,'staff sales'!C:AO,39,) -> 1 | T254: =VLOOKUP(A:A,'staff sales'!C:AR,42,) -> 3 | U254: =VLOOKUP(A:A,'staff sales'!C:AU,45,) -> 2 | V254: =VLOOKUP(A:A,'staff sales'!C:AX,48,) -> 0 | W254: =VLOOKUP(A:A,'staff sales'!C:BA,51,) -> 2
A255: 1044926994 | B255: محمد خليف الفهيقي | C255: Sales Agent | D255: Sales Agent | E255: XSIS0827 | F255: EBU_XSIS0827 | G255: Eastern & Northern | H255: Al jouf | I255: سكاكا القلعه | J255: 75001 | K255: =VLOOKUP(A:A,'staff sales'!C:Q,15,) -> 67923.49 | L255: =VLOOKUP(A:A,'staff sales'!C:T,18,) -> 0 | M255: =VLOOKUP(A:A,'staff sales'!C:W,21,) -> 10151.76 | N255: =VLOOKUP(A:A,'staff sales'!C:Z,24,) -> 0 | O255: =VLOOKUP(A:A,'staff sales'!C:AC,27,) -> 0 | P255: =VLOOKUP(A:A,'staff sales'!C:AF,30,) -> 0 | Q255: =VLOOKUP(A:A,'staff sales'!C:AI,33,) -> 26 | R255: =VLOOKUP(A:A,'staff sales'!C:AL,36,) -> 0 | S255: =VLOOKUP(A:A,'staff sales'!C:AO,39,) -> 0 | T255: =VLOOKUP(A:A,'staff sales'!C:AR,42,) -> 1 | U255: =VLOOKUP(A:A,'staff sales'!C:AU,45,) -> 0 | V255: =VLOOKUP(A:A,'staff sales'!C:AX,48,) -> 0 | W255: =VLOOKUP(A:A,'staff sales'!C:BA,51,) -> 2
A256: 1014945479 | B256: إبراهيم حامد الابراهيم | C256: Sales Agent | D256: Sales Agent | E256: XSER5636 | F256: XSER5636 | G256: Eastern & Northern | H256: Al jouf | I256: سكاكا القلعه | J256: 75001 | K256: =VLOOKUP(A:A,'staff sales'!C:Q,15,) -> 30195.66 | L256: =VLOOKUP(A:A,'staff sales'!C:T,18,) -> 0 | M256: =VLOOKUP(A:A,'staff sales'!C:W,21,) -> 0 | N256: =VLOOKUP(A:A,'staff sales'!C:Z,24,) -> 0 | O256: =VLOOKUP(A:A,'staff sales'!C:AC,27,) -> 0 | P256: =VLOOKUP(A:A,'staff sales'!C:AF,30,) -> 1 | Q256: =VLOOKUP(A:A,'staff sales'!C:AI,33,) -> 40 | R256: =VLOOKUP(A:A,'staff sales'!C:AL,36,) -> 0 | S256: =VLOOKUP(A:A,'staff sales'!C:AO,39,) -> 0 | T256: =VLOOKUP(A:A,'staff sales'!C:AR,42,) -> 0 | U256: =VLOOKUP(A:A,'staff sales'!C:AU,45,) -> 0 | V256: =VLOOKUP(A:A,'staff sales'!C:AX,48,) -> 0 | W256: =VLOOKUP(A:A,'staff sales'!C:BA,51,) -> 0
...

Sheet داتا اليومي
A1: Row Labels | B1: Sum of iPhone branch | C1: Sum of NoniPhone branch | D1: Sum of Non Core Branch | E1: Sum of MRC | F1: Sum of PS voice | G1: Sum of PS Data | H1: Sum of PP Voice branch | I1: Sum of PP Data branch | J1: Sum of Jawwy branch | K1: Sum of FWA branch | L1: Sum of FTTH branch | M1: Sum of trade in | N1: Sum of Device Protection QTY | O1: Sum of 1st contract
A2: 3000 | B2: 669055.9 | C2: 36848.49 | D2: 211270.62 | E2: 1371 | F2: 130 | G2: 27 | H2: 659 | I2: 23 | J2: 48 | K2: 54 | L2: 49 | M2: 0 | N2: 32
A3: 13006 | B3: 103673.07 | C3: 14421.96 | D3: 27395.05 | E3: 1330 | F3: 57 | G3: 10 | H3: 103 | I3: 1 | J3: 5 | K3: 10 | L3: 8 | M3: 1 | N3: 2
A4: 13012 | B4: 418028.9 | C4: 21228.4 | D4: 101867.61 | E4: 120 | F4: 42 | G4: 11 | H4: 439 | I4: 7 | J4: 18 | K4: 16 | L4: 12 | M4: 0 | N4: 17
A5: 13013 | B5: 354287.09 | C5: 36969.58 | D5: 78133.02 | E5: 130 | F5: 42 | G5: 7 | H5: 243 | I5: 13 | J5: 7 | K5: 21 | L5: 36 | M5: 0 | N5: 17
A6: 13014 | B6: 585640.37 | C6: 66449.16 | D6: 102410.75 | E6: 1777 | F6: 102 | G6: 15 | H6: 444 | I6: 17 | J6: 21 | K6: 30 | L6: 29 | M6: 1 | N6: 19
A7: 13015 | B7: 529748.91 | C7: 27075.1 | D7: 133989.43 | E7: 9876 | F7: 86 | G7: 17 | H7: 527 | I7: 18 | J7: 21 | K7: 21 | L7: 43 | M7: 3 | N7: 16
A8: 13016 | B8: 923135.33 | C8: 64329.12 | D8: 144054.75 | E8: 350 | F8: 124 | G8: 23 | H8: 364 | I8: 14 | J8: 8 | K8: 40 | L8: 43 | M8: 0 | N8: 49
A9: 23012 | B9: 1965535.1 | C9: 140535.31 | D9: 339422.8 | E9: 2603 | F9: 219 | G9: 34 | H9: 1019 | I9: 26 | J9: 54 | K9: 81 | L9: 43 | M9: 3 | N9: 92
A10: 23015 | B10: 357036.62 | C10: 50659.39 | D10: 85290.76 | E10: 2380 | F10: 48 | G10: 5 | H10: 217 | I10: 11 | J10: 52 | K10: 24 | L10: 18 | M10: 1 | N10: 16
A11: 33026 | B11: 392087.18 | C11: 47901.72 | D11: 77919.13 | E11: 0 | F11: 38 | G11: 9 | H11: 442 | I11: 22 | J11: 40 | K11: 16 | L11: 20 | M11: 0 | N11: 18
A12: 33027 | B12: 770030.7 | C12: 110440.2 | D12: 144231.03 | E12: 290 | F12: 168 | G12: 19 | H12: 406 | I12: 19 | J12: 34 | K12: 54 | L12: 69 | M12: 0 | N12: 17
A13: 43004 | B13: 472845.43 | C13: 29572.96 | D13: 77859.48 | E13: 0 | F13: 68 | G13: 9 | H13: 584 | I13: 11 | J13: 31 | K13: 22 | L13: 7 | M13: 2 | N13: 22
... A46: 75032 | B46: 410600.17 | C46: 31935.95 | D46: 80556.23 | E46: 0 | F46: 23 | G46: 6 | H46: 211 | I46: 1 | J46: 23 | K46: 27 | L46: 1 | M46: 0 | N46: 16
A47: Admin | B47: 0 | C47: 0 | D47: 0 | E47: 0 | F47: 0 | G47: 0 | H47: 0 | I47: 0 | J47: 0 | K47: 0 | L47: 0 | M47: 0 | N47: 0
A48: (blank) | B48: 0 | C48: 0 | D48: 0 | E48: 0 | F48: 0 | G48: 0 | H48: 0 | I48: 0 | J48: 0 | K48: 0 | L48: 0 | M48: 0 | N48: 0
A49: Grand Total | B49: 30213716 | C49: 2780573.4 | D49: 5489122.5 | E49: 51742 | F49: 3450 | G49: 490 | H49: 19594 | I49: 585 | J49: 1402 | K49: 1548 | L49: 1273 | M49: 36 | N49: 1105

Sheet Powerpoint
E2: weekly | H2: monthly | J2: 25
P3: مبيعات الاسبوع الماضي
A5: District | B5: iphone | G5: District | H5: iphone | O5: District | V5: Row Labels | W5: iphone | X5: Non Core | Y5: non iphone
B6: weekly TGT | C6: weekly Sales | D6: % | E6: weekly TGT left | H6: TGT | I6: sales | J6: % | K6: daily avg | L6: AVG | M6: Potential % | P6: Branch sales | V6: Al Ahsa | W6: 2947975.1 | X6: 592721.39 | Y6: 364603.78
A7: Al Ahsa | B7: =H7/4 -> #REF! | C7: =I7-P7 -> #REF! | D7: =C7/B7 -> #REF! | E7: =B7-C7 -> #REF! | G7: Al Ahsa | H7: =#REF! -> #REF! | I7: =#REF! -> #REF! | J7: =I7/H7 -> #REF! | K7: =I7/J$2 -> #REF! | L7: =K7*31 -> #REF! | M7: =L7/H7 -> #REF! | O7: Al Ahsa | P7: 2947975 | V7: Al Khobar | W7: 3569732.7 | X7: 665495.71 | Y7: 135752.42
A8: Al Khobar | B8: =H8/4 -> #REF! | C8: =I8-P8 -> #REF! | D8: =C8/B8 -> #REF! | E8: =B8-C8 -> #REF! | G8: Al Khobar | H8: =#REF! -> #REF! | I8: =#REF! -> #REF! | J8: =I8/H8 -> #REF! | K8: =I8/J$2 -> #REF! | L8: =K8*31 -> #REF! | M8: =L8/H8 -> #REF! | O8: Al Khobar | P8: 3569732.7 | V8: Dammam | W8: 5066396.6 | X8: 914083.87 | Y8: 288158.16
A9: Dammam | B9: =H9/4 -> #REF! | C9: =I9-P9 -> #REF! | D9: =C9/B9 -> #REF! | E9: =B9-C9 -> #REF! | G9: Dammam | H9: =#REF! -> #REF! | I9: =#REF! -> #REF! | J9: =I9/H9 -> #REF! | K9: =I9/J$2 -> #REF! | L9: =K9*31 -> #REF! | M9: =L9/H9 -> #REF! | O9: Dammam | P9: 5066396.6 | V9: Jubail | W9: 4911164.3 | X9: 682455.58 | Y9: 179482.8
A10: Jubail | B10: =H10/4 -> #REF! | C10: =I10-P10 -> #REF! | D10: =C10/B10 -> #REF! | E10: =B10-C10 -> #REF! | G10: Jubail | H10: =#REF! -> #REF! | I10: =#REF! -> #REF! | J10: =I10/H10 -> #REF! | K10: =I10/J$2 -> #REF! | L10: =K10*31 -> #REF! | M10: =L10/H10 -> #REF! | O10: Jubail | P10: 4911164.3 | V10: Al jouf | W10: 2004680 | X10: 299823.91 | Y10: 154902.25
A11: Al jouf | B11: =H11/4 -> #REF! | C11: =I11-P11 -> #REF! | D11: =C11/B11 -> #REF! | E11: =B11-C11 -> #REF! | G11: Al jouf | H11: =#REF! -> #REF! | I11: =#REF! -> #REF! | J11: =I11/H11 -> #REF! | K11: =I11/J$2 -> #REF! | L11: =K11*31 -> #REF! | M11: =L11/H11 -> #REF! | O11: Al jouf | P11: 2004680 | V11: NBR | W11: 2025493.4 | X11: 277044.22 | Y11: 77362.5
A12: NBR | B12: =H12/4 -> #REF! | C12: =I12-P12 -> #REF! | D12: =C12/B12 -> #REF! | E12: =B12-C12 -> #REF! | G12: NBR | H12: =#REF! -> #REF! | I12: =#REF! -> #REF! | J12: =I12/H12 -> #REF! | K12: =I12/J$2 -> #REF! | L12: =K12*31 -> #REF! | M12: =L12/H12 -> #REF! | O12: NBR | P12: 2025493.4 | V12: Tabuk | W12: 3214106.4 | X12: 592773.62 | Y12: 149193.51
A13: Tabuk | B13: =H13/4 -> #REF! | C13: =I13-P13 -> #REF! | D13: =C13/B13 -> #REF! | E13: =B13-C13 -> #REF! | G13: Tabuk | H13: =#REF! -> #REF! | I13: =#REF! -> #REF! | J13: =I13/H13 -> #REF! | K13: =I13/J$2 -> #REF! | L13: =K13*31 -> #REF! | M13: =L13/H13 -> #REF! | O13: Tabuk | P13: 3214106.4 | V13: Grand Total | W13: 23739548 | X13: 4024398.3 | Y13: 1349455.4
A14: Total | B14: =SUM(B7:B13) -> #REF! | C14: =SUM(C7:C13) -> #REF! | D14: =C14/B14 -> #REF! | E14: =B14-C14 -> #REF! | G14: Total | H14: =SUM(H7:H13) -> #REF! | I14: =SUM(I7:I13) -> #REF! | J14: =I14/H14 -> #REF! | K14: =I14/J$2 -> #REF! | L14: =K14*31 -> #REF! | M14: =L14/H14 -> #REF! | O14: Total | P14: =SUM(P7:P13) -> 23739548
A16: District | B16: Non iphone | G16: District | H16: Non iphone | O16: District
B17: weekly TGT | C17: weekly Sales | D17: % | E17: weekly TGT left | H17: TGT | I17: sales | J17: % | K17: daily avg | L17: AVG | M17: Potential % | P17: Branch sales
A18: Al Ahsa | B18: =H18/4 -> #REF! | C18: =I18-P18 -> #REF! | D18: =C18/B18 -> #REF! | E18: =B18-C18 -> #REF! | G18: Al Ahsa | H18: =#REF! -> #REF! | I18: =#REF! -> #REF! | J18: =I18/H18 -> #REF! | K18: =I18/J$2 -> #REF! | L18: =K18*31 -> #REF! | M18: =L18/H18 -> #REF! | O18: Al Ahsa | P18: 364603.78
A19: Al Khobar | B19: =H19/4 -> #REF! | C19: =I19-P19 -> #REF! | D19: =C19/B19 -> #REF! | E19: =B19-C19 -> #REF! | G19: Al Khobar | H19: =#REF! -> #REF! | I19: =#REF! -> #REF! | J19: =I19/H19 -> #REF! | K19: =I19/J$2 -> #REF! | L19: =K19*31 -> #REF! | M19: =L19/H19 -> #REF! | O19: Al Khobar | P19: 135752.42
A20: Dammam | B20: =H20/4 -> #REF! | C20: =I20-P20 -> #REF! | D20: =C20/B20 -> #REF! | E20: =B20-C20 -> #REF! | G20: Dammam | H20: =#REF! -> #REF! | I20: =#REF! -> #REF! | J20: =I20/H20 -> #REF! | K20: =I20/J$2 -> #REF! | L20: =K20*31 -> #REF! | M20: =L20/H20 -> #REF! | O20: Dammam | P20: 288158.16
A21: Jubail | B21: =H21/4 -> #REF! | C21: =I21-P21 -> #REF! | D21: =C21/B21 -> #REF! | E21: =B21-C21 -> #REF! | G21: Jubail | H21: =#REF! -> #REF! | I21: =#REF! -> #REF! | J21: =I21/H21 -> #REF! | K21: =I21/J$2 -> #REF! | L21: =K21*31 -> #REF! | M21: =L21/H21 -> #REF! | O21: Jubail | P21: 179482.8
A22: Al jouf | B22: =H22/4 -> #REF! | C22: =I22-P22 -> #REF! | D22: =C22/B22 -> #REF! | E22: =B22-C22 -> #REF! | G22: Al jouf | H22: =#REF! -> #REF! | I22: =#REF! -> #REF! | J22: =I22/H22 -> #REF! | K22: =I22/J$2 -> #REF! | L22: =K22*31 -> #REF! | M22: =L22/H22 -> #REF! | O22: Al jouf | P22: 154902.25
A23: NBR | B23: =H23/4 -> #REF! | C23: =I23-P23 -> #REF! | D23: =C23/B23 -> #REF! | E23: =B23-C23 -> #REF! | G23: NBR | H23: =#REF! -> #REF! | I23: =#REF! -> #REF! | J23: =I23/H23 -> #REF! | K23: =I23/J$2 -> #REF! | L23: =K23*31 -> #REF! | M23: =L23/H23 -> #REF! | O23: NBR | P23: 77362.5
A24: Tabuk | B24: =H24/4 -> #REF! | C24: =I24-P24 -> #REF! | D24: =C24/B24 -> #REF! | E24: =B24-C24 -> #REF! | G24: Tabuk | H24: =#REF! -> #REF! | I24: =#REF! -> #REF! | J24: =I24/H24 -> #REF! | K24: =I24/J$2 -> #REF! | L24: =K24*31 -> #REF! | M24: =L24/H24 -> #REF! | O24: Tabuk | P24: 149193.51
A25: Total | B25: =SUM(B18:B24) -> #REF! | C25: =SUM(C18:C24) -> #REF! | D25: =C25/B25 -> #REF! | E25: =B25-C25 -> #REF! | G25: Total | H25: =SUM(H18:H24) -> #REF! | I25: =SUM(I18:I24) -> #REF! | J25: =I25/H25 -> #REF! | K25: =I25/J$2 -> #REF! | L25: =K25*31 -> #REF! | M25: =L25/H25 -> #REF! | O25: Total | P25: =SUM(P18:P24) -> 1349455.4
A27: District | B27: Non Core | G27: District | H27: Non Core | O27: District
B28: weekly TGT | C28: weekly Sales | D28: % | E28: weekly TGT left | H28: TGT | I28: sales | J28: % | K28: daily avg | L28: AVG | M28: Potential % | P28: Branch sales
A29: Al Ahsa | B29: =H29/4 -> #REF! | C29: =I29-P29 -> #REF! | D29: =C29/B29 -> #REF! | E29: =B29-C29 -> #REF! | G29: Al Ahsa | H29: =#REF! -> #REF! | I29: =#REF! -> #REF! | J29: =I29/H29 -> #REF! | K29: =I29/J$2 -> #REF! | L29: =K29*31 -> #REF! | M29: =L29/H29 -> #REF! | O29: Al Ahsa | P29: 592721.39
A30: Al Khobar | B30: =H30/4 -> #REF! | C30: =I30-P30 -> #REF! | D30: =C30/B30 -> #REF! | E30: =B30-C30 -> #REF! | G30: Al Khobar | H30: =#REF! -> #REF! | I30: =#REF! -> #REF! | J30: =I30/H30 -> #REF! | K30: =I30/J$2 -> #REF! | L30: =K30*31 -> #REF! | M30: =L30/H30 -> #REF! | O30: Al Khobar | P30: 665495.71
A31: Dammam | B31: =H31/4 -> #REF! | C31: =I31-P31 -> #REF! | D31: =C31/B31 -> #REF! | E31: =B31-C31 -> #REF! | G31: Dammam | H31: =#REF! -> #REF! | I31: =#REF! -> #REF! | J31: =I31/H31 -> #REF! | K31: =I31/J$2 -> #REF! | L31: =K31*31 -> #REF! | M31: =L31/H31 -> #REF! | O31: Dammam | P31: 914083.87
A32: Jubail | B32: =H32/4 -> #REF! | C32: =I32-P32 -> #REF! | D32: =C32/B32 -> #REF! | E32: =B32-C32 -> #REF! | G32: Jubail | H32: =#REF! -> #REF! | I32: =#REF! -> #REF! | J32: =I32/H32 -> #REF! | K32: =I32/J$2 -> #REF! | L32: =K32*31 -> #REF! | M32: =L32/H32 -> #REF! | O32: Jubail | P32: 682455.58
A33: Al jouf | B33: =H33/4 -> #REF! | C33: =I33-P33 -> #REF! | D33: =C33/B33 -> #REF! | E33: =B33-C33 -> #REF! | G33: Al jouf | H33: =#REF! -> #REF! | I33: =#REF! -> #REF! | J33: =I33/H33 -> #REF! | K33: =I33/J$2 -> #REF! | L33: =K33*31 -> #REF! | M33: =L33/H33 -> #REF! | O33: Al jouf | P33: 299823.91
A34: NBR | B34: =H34/4 -> #REF! | C34: =I34-P34 -> #REF! | D34: =C34/B34 -> #REF! | E34: =B34-C34 -> #REF! | G34: NBR | H34: =#REF! -> #REF! | I34: =#REF! -> #REF! | J34: =I34/H34 -> #REF! | K34: =I34/J$2 -> #REF! | L34: =K34*31 -> #REF! | M34: =L34/H34 -> #REF! | O34: NBR | P34: 277044.22
A35: Tabuk | B35: =H35/4 -> #REF! | C35: =I35-P35 -> #REF! | D35: =C35/B35 -> #REF! | E35: =B35-C35 -> #REF! | G35: Tabuk | H35: =#REF! -> #REF! | I35: =#REF! -> #REF! | J35: =I35/H35 -> #REF! | K35: =I35/J$2 -> #REF! | L35: =K35*31 -> #REF! | M35: =L35/H35 -> #REF! | O35: Tabuk | P35: 592773.62
A36: Total | B36: =SUM(B29:B35) -> #REF! | C36: =SUM(C29:C35) -> #REF! | D36: =C36/B36 -> #REF! | E36: =B36-C36 -> #REF! | G36: Total | H36: =#REF! -> #REF! | I36: =#REF! -> #REF! | J36: =I36/H36 -> #REF! | K36: =I36/J$2 -> #REF! | L36: =K36*31 -> #REF! | M36: =L36/H36 -> #REF! | O36: Total | P36: =SUM(P29:P35) -> 4024398.3
A38: District | B38: EBU MRC | G38: District | H38: EBU MRC | O38: District
B39: weekly TGT | C39: weekly Sales | D39: % | E39: weekly TGT left | H39: TGT | I39: Sales | J39: % | K39: daily avg | L39: AVG | M39: Potential % | P39: Sales
A40: Al Ahsa | B40: =H40/4 -> #REF! | C40: =I40-P40 -> #REF! | D40: =C40/B40 -> #REF! | E40: =B40-C40 -> #REF! | G40: Al Ahsa | H40: =#REF! -> #REF! | I40: =#REF! -> #REF! | J40: =I40/H40 -> #REF! | K40: =I40/J$2 -> #REF! | L40: =K40*31 -> #REF! | M40: =L40/H40 -> #REF! | O40: Al Ahsa | P40: 8245
A41: Al Khobar | B41: =H41/4 -> #REF! | C41: =I41-P41 -> #REF! | D41: =C41/B41 -> #REF! | E41: =B41-C41 -> #REF! | G41: Al Khobar | H41: =#REF! -> #REF! | I41: =#REF! -> #REF! | J41: =I41/H41 -> #REF! | K41: =I41/J$2 -> #REF! | L41: =K41*31 -> #REF! | M41: =L41/H41 -> #REF! | O41: Al Khobar | P41: 18148
A42: Dammam | B42: =H42/4 -> #REF! | C42: =I42-P42 -> #REF! | D42: =C42/B42 -> #REF! | E42: =B42-C42 -> #REF! | G42: Dammam | H42: =#REF! -> #REF! | I42: =#REF! -> #REF! | J42: =I42/H42 -> #REF! | K42: =I42/J$2 -> #REF! | L42: =K42*31 -> #REF! | M42: =L42/H42 -> #REF! | O42: Dammam | P42: 12867
A43: Jubail | B43: =H43/4 -> #REF! | C43: =I43-P43 -> #REF! | D43: =C43/B43 -> #REF! | E43: =B43-C43 -> #REF! | G43: Jubail | H43: =#REF! -> #REF! | I43: =#REF! -> #REF! | J43: =I43/H43 -> #REF! | K43: =I43/J$2 -> #REF! | L43: =K43*31 -> #REF! | M43: =L43/H43 -> #REF! | O43: Jubail | P43: 9878
A44: Al jouf | B44: =H44/4 -> #REF! | C44: =I44-P44 -> #REF! | D44: =C44/B44 -> #REF! | E44: =B44-C44 -> #REF! | G44: Al jouf | H44: =#REF! -> #REF! | I44: =#REF! -> #REF! | J44: =I44/H44 -> #REF! | K44: =I44/J$2 -> #REF! | L44: =K44*31 -> #REF! | M44: =L44/H44 -> #REF! | O44: Al jouf | P44: 1386
A45: NBR | B45: =H45/4 -> #REF! | C45: =I45-P45 -> #REF! | D45: =C45/B45 -> #REF! | E45: =B45-C45 -> #REF! | G45: NBR | H45: =#REF! -> #REF! | I45: =#REF! -> #REF! | J45: =I45/H45 -> #REF! | K45: =I45/J$2 -> #REF! | L45: =K45*31 -> #REF! | M45: =L45/H45 -> #REF! | O45: NBR | P45: 558
A46: Tabuk | B46: =H46/4 -> #REF! | C46: =I46-P46 -> #REF! | D46: =C46/B46 -> #REF! | E46: =B46-C46 -> #REF! | G46: Tabuk | H46: =#REF! -> #REF! | I46: =#REF! -> #REF! | J46: =I46/H46 -> #REF! | K46: =I46/J$2 -> #REF! | L46: =K46*31 -> #REF! | M46: =L46/H46 -> #REF! | O46: Tabuk | P46: 660
A47: Total | B47: =SUM(B40:B46) -> #REF! | C47: =SUM(C40:C46) -> #REF! | D47: =C47/B47 -> #REF! | E47: =B47-C47 -> #REF! | G47: Total | H47: =SUM(H40:H46) -> #REF! | I47: =SUM(I40:I46) -> #REF! | J47: =I47/H47 -> #REF! | K47: =I47/J$2 -> #REF! | L47: =K47*31 -> #REF! | M47: =L47/H47 -> #REF! | O47: Total | P47: =SUM(P40:P46) -> 51742
A49: District | B49: FWA | G49: District | H49: FWA | O49: District
B50: weekly TGT | C50: weekly Sales | D50: % | E50: weekly TGT left | H50: TGT | I50: sales | J50: % | K50: daily avg | L50: AVG | M50: Potential % | P50: Branch sales
A51: Al Ahsa | B51: =H51/4 -> #REF! | C51: =I51-P51 -> #REF! | D51: =C51/B51 -> #REF! | E51: =B51-C51 -> #REF! | G51: Al Ahsa | H51: =#REF! -> #REF! | I51: =#REF! -> #REF! | J51: =I51/H51 -> #REF! | K51: =I51/J$2 -> #REF! | L51: =K51*31 -> #REF! | M51: =L51/H51 -> #REF! | O51: Al Ahsa | P51: 214
A52: Al Khobar | B52: =H52/4 -> #REF! | C52: =I52-P52 -> #REF! | D52: =C52/B52 -> #REF! | E52: =B52-C52 -> #REF! | G52: Al Khobar | H52: =#REF! -> #REF! | I52: =#REF! -> #REF! | J52: =I52/H52 -> #REF! | K52: =I52/J$2 -> #REF! | L52: =K52*31 -> #REF! | M52: =L52/H52 -> #REF! | O52: Al Khobar | P52: 146
A53: Dammam | B53: =H53/4 -> #REF! | C53: =I53-P53 -> #REF! | D53: =C53/B53 -> #REF! | E53: =B53-C53 -> #REF! | G53: Dammam | H53: =#REF! -> #REF! | I53: =#REF! -> #REF! | J53: =I53/H53 -> #REF! | K53: =I53/J$2 -> #REF! | L53: =K53*31 -> #REF! | M53: =L53/H53 -> #REF! | O53: Dammam | P53: 224
A54: Jubail | B54: =H54/4 -> #REF! | C54: =I54-P54 -> #REF! | D54: =C54/B54 -> #REF! | E54: =B54-C54 -> #REF! | G54: Jubail | H54: =#REF! -> #REF! | I54: =#REF! -> #REF! | J54: =I54/H54 -> #REF! | K54: =I54/J$2 -> #REF! | L54: =K54*31 -> #REF! | M54: =L54/H54 -> #REF! | O54: Jubail | P54: 178
A55: Al jouf | B55: =H55/4 -> #REF! | C55: =I55-P55 -> #REF! | D55: =C55/B55 -> #REF! | E55: =B55-C55 -> #REF! | G55: Al jouf | H55: =#REF! -> #REF! | I55: =#REF! -> #REF! | J55: =I55/H55 -> #REF! | K55: =I55/J$2 -> #REF! | L55: =K55*31 -> #REF! | M55: =L55/H55 -> #REF! | O55: Al jouf | P55: 75
A56: NBR | B56: =H56/4 -> #REF! | C56: =I56-P56 -> #REF! | D56: =C56/B56 -> #REF! | E56: =B56-C56 -> #REF! | G56: NBR | H56: =#REF! -> #REF! | I56: =#REF! -> #REF! | J56: =I56/H56 -> #REF! | K56: =I56/J$2 -> #REF! | L56: =K56*31 -> #REF! | M56: =L56/H56 -> #REF! | O56: NBR | P56: 89
A57: Tabuk | B57: =H57/4 -> #REF! | C57: =I57-P57 -> #REF! | D57: =C57/B57 -> #REF! | E57: =B57-C57 -> #REF! | G57: Tabuk | H57: =#REF! -> #REF! | I57: =#REF! -> #REF! | J57: =I57/H57 -> #REF! | K57: =I57/J$2 -> #REF! | L57: =K57*31 -> #REF! | M57: =L57/H57 -> #REF! | O57: Tabuk | P57: 140
A58: Total | B58: =SUM(B51:B57) -> #REF! | C58: =SUM(C51:C57) -> #REF! | D58: =C58/B58 -> #REF! | E58: =B58-C58 -> #REF! | G58: Total | H58: =SUM(H51:H57) -> #REF! | I58: =SUM(I51:I57) -> #REF! | J58: =I58/H58 -> #REF! | K58: =I58/J$2 -> #REF! | L58: =K58*31 -> #REF! | M58: =L58/H58 -> #REF! | O58: Total | P58: =SUM(P51:P57) -> 1066
A60: District | B60: FTTH | G60: District | H60: FTTH | O60: District
B61: weekly TGT | C61: weekly Sales | D61: % | E61: weekly TGT left | H61: TGT | I61: Sales | J61: % | K61: daily avg | L61: AVG | M61: Potential % | P61: Sales
A62: Al Ahsa | B62: =H62/4 -> #REF! | C62: =I62-P62 -> #REF! | D62: =C62/B62 -> #REF! | E62: =B62-C62 -> #REF! | G62: Al Ahsa | H62: =#REF! -> #REF! | I62: =#REF! -> #REF! | J62: =I62/H62 -> #REF! | K62: =I62/J$2 -> #REF! | L62: =K62*31 -> #REF! | M62: =L62/H62 -> #REF! | O62: Al Ahsa | P62: 145
A63: Al Khobar | B63: =H63/4 -> #REF! | C63: =I63-P63 -> #REF! | D63: =C63/B63 -> #REF! | E63: =B63-C63 -> #REF! | G63: Al Khobar | H63: =#REF! -> #REF! | I63: =#REF! -> #REF! | J63: =I63/H63 -> #REF! | K63: =I63/J$2 -> #REF! | L63: =K63*31 -> #REF! | M63: =L63/H63 -> #REF! | O63: Al Khobar | P63: 197
A64: Dammam | B64: =H64/4 -> #REF! | C64: =I64-P64 -> #REF! | D64: =C64/B64 -> #REF! | E64: =B64-C64 -> #REF! | G64: Dammam | H64: =#REF! -> #REF! | I64: =#REF! -> #REF! | J64: =I64/H64 -> #REF! | K64: =I64/J$2 -> #REF! | L64: =K64*31 -> #REF! | M64: =L64/H64 -> #REF! | O64: Dammam | P64: 293
A65: Jubail | B65: =H65/4 -> #REF! | C65: =I65-P65 -> #REF! | D65: =C65/B65 -> #REF! | E65: =B65-C65 -> #REF! | G65: Jubail | H65: =#REF! -> #REF! | I65: =#REF! -> #REF! | J65: =I65/H65 -> #REF! | K65: =I65/J$2 -> #REF! | L65: =K65*31 -> #REF! | M65: =L65/H65 -> #REF! | O65: Jubail | P65: 115
A66: Al jouf | B66: =H66/4 -> #REF! | C66: =I66-P66 -> #REF! | D66: =C66/B66 -> #REF! | E66: =B66-C66 -> #REF! | G66: Al jouf | H66: =#REF! -> #REF! | I66: =#REF! -> #REF! | J66: =I66/H66 -> #REF! | K66: =I66/J$2 -> #REF! | L66: =K66*31 -> #REF! | M66: =L66/H66 -> #REF! | O66: Al jouf | P66: 27
A67: NBR | B67: =H67/4 -> #REF! | C67: =I67-P67 -> #REF! | D67: =C67/B67 -> #REF! | E67: =B67-C67 -> #REF! | G67: NBR | H67: =#REF! -> #REF! | I67: =#REF! -> #REF! | J67: =I67/H67 -> #REF! | K67: =I67/J$2 -> #REF! | L67: =K67*31 -> #REF! | M67: =L67/H67 -> #REF! | O67: NBR | P67: 23
A68: Tabuk | B68: =H68/4 -> #REF! | C68: =I68-P68 -> #REF! | D68: =C68/B68 -> #REF! | E68: =B68-C68 -> #REF! | G68: Tabuk | H68: =#REF! -> #REF! | I68: =#REF! -> #REF! | J68: =I68/H68 -> #REF! | K68: =I68/J$2 -> #REF! | L68: =K68*31 -> #REF! | M68: =L68/H68 -> #REF! | O68: Tabuk | P68: 39
A69: Total | B69: =SUM(B62:B68) -> #REF! | C69: =SUM(C62:C68) -> #REF! | D69: =C69/B69 -> #REF! | E69: =B69-C69 -> #REF! | G69: Total | H69: =SUM(H62:H68) -> #REF! | I69: =SUM(I62:I68) -> #REF! | J69: =I69/H69 -> #REF! | K69: =I69/J$2 -> #REF! | L69: =K69*31 -> #REF! | M69: =L69/H69 -> #REF! | O69: Total | P69: =SUM(P62:P68) -> 839
A71: District | B71: PS Voice | G71: District | H71: PS Voice | O71: District
B72: weekly TGT | C72: weekly Sales | D72: % | E72: weekly TGT left | H72: TGT | I72: Sales | J72: % | K72: daily avg | L72: AVG | M72: Potential % | P72: Sales
A73: Al Ahsa | B73: =H73/4 -> #REF! | C73: =I73-P73 -> #REF! | D73: =C73/B73 -> #REF! | E73: =B73-C73 -> #REF! | G73: Al Ahsa | H73: =#REF! -> #REF! | I73: =#REF! -> #REF! | J73: =I73/H73 -> #REF! | K73: =I73/J$2 -> #REF! | L73: =K73*31 -> #REF! | M73: =L73/H73 -> #REF! | O73: Al Ahsa | P73: 473
A74: Al Khobar | B74: =H74/4 -> #REF! | C74: =I74-P74 -> #REF! | D74: =C74/B74 -> #REF! | E74: =B74-C74 -> #REF! | G74: Al Khobar | H74: =#REF! -> #REF! | I74: =#REF! -> #REF! | J74: =I74/H74 -> #REF! | K74: =I74/J$2 -> #REF! | L74: =K74*31 -> #REF! | M74: =L74/H74 -> #REF! | O74: Al Khobar | P74: 535
A75: Dammam | B75: =H75/4 -> #REF! | C75: =I75-P75 -> #REF! | D75: =C75/B75 -> #REF! | E75: =B75-C75 -> #REF! | G75: Dammam | H75: =#REF! -> #REF! | I75: =#REF! -> #REF! | J75: =I75/H75 -> #REF! | K75: =I75/J$2 -> #REF! | L75: =K75*31 -> #REF! | M75: =L75/H75 -> #REF! | O75: Dammam | P75: 640
